Video ID,Title,Channel,Published At
a4L64Dje4SY,Tradwifes be like,Tyler Bender,2024-01-09T22:52:59Z
SktiAv3qDBc,5 Ways To Be The Perfect Trad Wife,Gubba Homestead,2024-04-17T11:44:38Z
qXHmC0uYNIs,This Trad Wife&#39;s Not-So-Perfect Life Was Exposed,Cheezburger,2024-08-17T16:00:54Z
gepgwUxQxuc,Tradwife-Trend: R√ºckschritt oder neue Freiheit? I Zur Sache! Baden-W√ºrttemberg,SWR,2025-03-07T16:00:52Z
JXRhm6te-Fg,The TRAD WIVES of TikTok,FunkyFrogBait,2024-08-30T21:00:10Z
ILaxeIgN_5Y,Getting back to real American values #countrydrag #tradwife,Glenn DeVar,2025-06-02T20:31:59Z
RJeRc9G8Afk,Honouring God and my husband with my femininity üïäÔ∏è #tradwife #homemaker #biblicalwife #modesty,Jasmine Dinis,2023-09-08T00:55:11Z
2NvdVKP42qo,There‚Äôs a reason 45+ year old women aren‚Äôt making Tradwife content üß† #exmormon #tradwife #lds,Alyssa Grenfell,2025-08-11T13:13:13Z
ynwBvB7xBMg,Tradwife √© liberdade ou pris√£o? O debate que divide opini√µes,PodComAmigos,2025-09-08T11:00:50Z
b-0gpyOY0JY,Typical day as a trad wife #shorts,Stanzi,2025-06-27T00:30:17Z
7vNteRY3ON4,Is She Really A Trad Wife?,Real Alex Clark,2024-03-26T21:47:00Z
-WidHGey3WA,waiting patiently for a yard and chickens üòÖüêîüåøüôèüèª #homemaker #sourdough #tradwife,Sarah Therese Co,2024-06-15T17:12:19Z
SzKGwaUdC8w,Trad Wife Answers TOUGH Questions | Estee Williams,Michael Knowles,2023-07-03T16:00:28Z
V7tMsFTVgWE,Nara Smith Trad‚Äôs wife reality! Shocking üò≥ #tiktok#narasmith#tradwives#lucky,1millionfacts,2024-03-09T16:41:54Z
7o8o80_atiU,Wie traditionell sind Tradwives wirklich? | Past Forward,Hessischer Rundfunk,2024-09-13T16:59:55Z
sktqxqqV2go,Millie Bobby Brown Became a Trad Wife for Her Husband,ElevenBobby,2025-06-29T10:31:00Z
pvyN1xQZI48,Tradwife post lobotomy,Tyler Bender,2024-02-07T21:46:56Z
Pk1Gos0efgM,This Video Is Triggering All The Feminists,Amala Ekpunobi,2023-03-09T22:05:00Z
RnDFAhyUQTI,Nara Smith &amp; Co.: Wie Tradwives das Internet erobern ‚Äì Shortcut | DER SPIEGEL,DER SPIEGEL,2025-01-27T18:00:17Z
8j2DOi-yEDc,Tradwives: Rollenbilder auf dem Pr√ºfstand! | ARTE Saloon Livetalk,ARTEde,2024-07-03T06:37:28Z
arCummRyZnE,The Trad Wife Paradox with Anne Helen Petersen! - What Now? with Trevor Noah Podcast,Trevor Noah,2025-08-11T20:12:23Z
Lz9YCocuEyo,Zwischen Girl Boss und Tradwife | ZDF.reportage,ZDFheute Nachrichten,2025-05-11T15:30:18Z
0qJrQXb2y0U,Raised To Be A Trad Wife,The Comments Section,2023-10-20T20:00:00Z
g0Qf9YBex1o,A &quot;Trad-Wife&quot; Is a Modern Idea,Lila Rose,2025-03-09T20:55:05Z
QvqjAu6eoqs,The trad wife divorce is a nightmare #marriage #tradwife #sahm #mormon #lds #utah #divorce #cults,"Life, take two!",2024-10-21T17:38:00Z
wpXquNBX8Gc,"Nara Smith, Food as a Status Symbol, &amp; the Performative Fantasy of The Tradwife",Jordan Theresa,2025-08-25T19:00:03Z
YHqdh0KoIow,A Trad Wife Tragedy | The Facade of Ballerina Farm,j aubrey,2024-12-02T04:10:01Z
ukhuE6MY1GU,"&quot;Ich danke Gott jeden Tag daf√ºr, dass ich keine Feministin bin.&quot; #Tradwife | Bad Influencer",ARD Comedy,2025-02-16T11:01:14Z
qkIXTCR2ULk,&quot;Ich mach mich h√ºbsch f√ºr meinen Mann...&quot; | ARTE #saloon #tradwife,ARTEde,2024-07-19T05:00:33Z
DKjBLYGvYwM,Day in the life of a Traditional Wife! #TradWife,Estee Williams,2023-03-10T02:50:08Z
vvZg2slQJWc,The Trad Wife Epidemic Is Insane,Kallmekris,2024-05-04T16:35:16Z
xOB01f9qQFI,"Men, Could You Handle This Trad-Wife... üë©‚Äçüç≥",Benny Johnson,2024-06-20T19:00:33Z
jpHx-xHFinA,Do you really want a tradwife?,David_Talks,2023-03-15T11:56:46Z
b-9Kl44hli8,Wie US-Tradwives und die Tech-Elite gegen das Aussterben der USA k√§mpfen | auslandsjournal,ZDFheute Nachrichten,2025-09-09T14:01:05Z
MB303UxLkGM,Let‚Äôs talk TRADWIFE FINANCES.,Cara Nicole,2024-09-28T18:16:07Z
dYweEUVvz8A,Embrace womanhood. #femininity #feminism #womanhood #tradwife,Bernadine Bluntly,2023-02-10T23:12:48Z
HetyFlDVP40,Trad Wives Are the Worst...,Papa Meat,2025-05-24T17:00:19Z
c52WK3qBJUE,&quot;i dream of becoming a hot trad wife&quot;,zoeunlimited,2024-03-14T19:05:11Z
gDM4nDVpWII,Tradwife making a sandwich #tradwife #parody #moms #toddlers #toddlermom #kids #cooking #shorts,Hannasaur,2024-03-12T17:59:28Z
dt1R2cuBx9g,Should Wives Serve Their Husbands? Tradwives vs Feminists | Middle Ground,Jubilee,2025-02-02T17:00:40Z
tfQhak0Ys_I,TikTok&#39;s Most Toxic 19 Year Old Tradwife | Tyler&#39;s Kitschen,Tyler Bender,2025-06-29T22:47:09Z
ZwT-zYo4-OM,‚ÄòSubmitting to my husband like it&#39;s 1959&#39;: Why I became a TradWife ¬¶ BBC Stories,BBC Stories,2020-01-17T13:00:09Z
d87qGe4FSLo,TikTok&#39;s Trad Wife War is Out of Hand,Becauseimmissy_,2024-06-01T14:00:06Z
RhBqEmvHR8w,"When it comes to marriage, I don‚Äôt believe in back ups...#TradWife",Estee Williams,2023-04-27T22:41:47Z
bdqhr2ghokg,Tradwives: Why Young Women Are Choosing to Live Like It‚Äôs 1900 | Documentary,Java Discover | Free Global Documentaries & Clips,2025-04-10T16:01:02Z
bLPAYT9S1b4,entered my tradwife era with no warning #relatable,Syd Wingold,2025-09-05T07:02:33Z
YU5QunOlwpw,"saving money, eating better ü•∞ #sahmof5 #tradwife #homemaker",Sarah Therese Co,2025-01-29T18:40:20Z
pszhb_p7F2g,TRADWIVES: THE BUSINESS OF BEING A &quot;TRADITIONAL WIFE&quot; INFLUENCER | Influencer Insanity Ep 7 #TikTok,Hannah Alonzo,2024-06-03T15:00:53Z
lvxmngJEdpI,Meine Bewerbung als #tradwife üë©üèº‚Äçüç≥ ‚Ä¶ (ü§´ #satire),ROSA GOLD,2024-07-21T08:47:36Z
-syy4PTWGWg,Shut the enemy down! #homemaker #tradwife #christianadvice #christian #cleaning,This Mama's Faith,2024-02-24T12:25:36Z
lvxmngJEdpI,Meine Bewerbung als #tradwife üë©üèº‚Äçüç≥ ‚Ä¶ (ü§´ #satire),ROSA GOLD,2024-07-21T08:47:36Z
-syy4PTWGWg,Shut the enemy down! #homemaker #tradwife #christianadvice #christian #cleaning,This Mama's Faith,2024-02-24T12:25:36Z
FYlw_ly6R5M,"No, Medieval Women Weren‚Äôt Tradwives",Medieval Mindset,2025-04-07T17:16:27Z
vVVfv8zz3SY,Trad Wife Will Restore Your Hope in Gen Z üë∞,Benny Johnson,2024-06-28T13:07:18Z
--rQxqhhVrY,Dress up for your Husband         #traditionalmarriage #tradwife #dressup,Estee Williams,2024-01-17T17:13:18Z
TcyqtiIlz0Y,warum Tradwives andere Frauen in die Selbstzerst√∂rung manipulieren,Silvi Carlsson,2024-07-07T16:30:28Z
mAgW9vHmu1A,TikTok Tradwife Gretchen Adler REACTS To ‚ÄòSNL‚Äôs‚Äô Viral Parody Of Her,Access Hollywood,2024-10-24T21:21:18Z
tP0OSo6fa5s,No me Gusta Limpiar ¬øRoro es Tradwife?,The Wild Project,2025-06-28T16:30:30Z
I1w6c7a-FYU,Tradwife Exposed: The Shocking Truth about Estee Williams,Ashley Taylor,2025-06-07T18:38:00Z
F2tiBH_NmMc,Traditional Marriage! #tradwife,Estee Williams,2023-08-25T17:15:30Z
NYCkDPkkef4,That one trad wife influencer #shorts,Maya & Hunter,2024-11-30T20:58:12Z
Wss1hY4pPz8,Damit hat diese Tradwife nicht gerechnet | heute-show #shorts,ZDF heute-show,2024-11-06T14:50:53Z
jgQeoMEj0NY,Tradwives and the White Supremacists Who Love Them,Shanspeare,2023-12-12T20:30:06Z
vOgIOTenmrs,The TikTok TradWife Epidemic,Shoe0nHead,2023-03-24T23:43:00Z
iouC24jhn2E,&#39;Oppressed&#39; by Choice: Tradwives Against Feminism,Shanspeare,2023-12-20T21:00:30Z
0QOr0-j4eI0,‚ÄúTradwife‚Äù comfort wear ideas!,Kalyani Talks,2025-03-01T19:50:24Z
ZdvR9vMcV68,I HATE TRADWIVES,fuzz,2025-01-07T23:24:49Z
O5t9JWu28Jw,tradwife or pilgrim? Patton Oswalt cracks the case #aftermidnight #taylortomlinson #tradwife,After Midnight,2024-08-05T13:10:08Z
HNaDJUOjlYg,Ma vie de Tradwife,Laura Calu,2024-11-20T16:02:14Z
_4vSW9A60Bk,The Disturbing Reality Behind the &#39;Tradwife&#39; Movement,The Project,2024-08-02T09:02:48Z
j5mLAxZBznE,Andrew wilson defends trad-wife from tacky √òF girl @whatever,whatever Clips,2025-06-15T19:00:44Z
uLlIOmKhapM,Don‚Äôt be a SAHM! #marriage #mormon #cults #tradwife #family #divorce #mom #wife,"Life, take two!",2025-01-01T15:45:26Z
QODxsz1rbYE,Tradwives Need To Be BANNED,Tyler Bender,2024-01-13T00:52:54Z
nGh4hCJNRZI,Why I Always Get Mistaken As A Trad Wife,Jill,2025-08-02T20:19:58Z
pOGb3jxRejU,STOP BEING EMOTIONAL Christian Tradwife God Talk,This Mama's Faith,2024-05-26T14:00:38Z
-OT1_YQfBjA,Was This TradWife&#39;s Marriage Legal?,Rachel Oates,2025-08-07T19:50:30Z
sRdEZNkfwCI,Lieblingskuchen f√ºr meinen Mann üë©üèº‚Äçüç≥‚ô•Ô∏è‚ò∫Ô∏è #hausfrau #tradwife #cheesecake #backen #liebe,Malischka,2025-02-15T12:50:08Z
aqj4Lsl2D2I,Vermeer was a trad wife content creator?? #arthistory #tradwife,jewel | art insights,2025-01-21T18:00:04Z
TV6jJsJ8Y10,Les TRADWIVES de TIKTOK (d√©cryptage),VA Plus,2024-11-15T17:00:29Z
KQgm-Kt7Ojc,Nara Smith EXCLUSIVE: They Call Me a &#39;Tradwife&#39; But Here‚Äôs the Real Story,Jay Shetty Podcast,2025-07-09T14:00:27Z
Sf4svYT33w4,Tradwife Life,Erika Nolan - The Holistic Homestead,2024-12-10T14:30:10Z
Hz0ByFb1t2o,"Mi problema con las ‚ÄúTradwife‚Äù en internet! Roro, Nara Smith‚Ä¶",Soy thaly,2024-08-01T23:47:47Z
xoG7ofUshVY,I Tested Controversial TRAD WIFE Recipes!üë©‚Äçüç≥,Honeysuckle,2024-08-10T14:30:22Z
bbAQUonl_us,Married life was false advertisingüòÇ #tradwife #mormon #marriage #sahm #wife #divorce #mom #feminist,"Life, take two!",2025-06-24T18:12:14Z
7vmEbSCHOt4,#TRADWIVES | Real Stories Original,Real Stories,2019-02-07T17:00:02Z
MzcIDfVVM5w,Why ‚ÄúTradwife‚Äù,Estee Williams,2024-01-21T22:10:37Z
1MQnLO9uExQ,"Raw Milk and the trad wife - fashion, subservience and disease",Bryony Claire,2025-01-13T16:00:01Z
UJwzRE_Ew1U,TikToks ‚ÄòMost Controversial‚Äô Trad-Wife Shares Harmful &#39;Marriage Tips&#39;,Ammy Robinson,2025-06-11T17:42:23Z
W7yuWhHKgJQ,Traditional Marriage ü•∞ #traditionalmarriage #tradwife,Estee Williams,2023-04-18T12:40:34Z
TqYSoUa7izA,Tradwives vs gold diggers - it&#39;s a trap,Bryony Claire,2025-06-05T17:35:40Z
wIwZxQILT2U,JustUnMarriedThings Is BACK FOR WAR! Pearl Vs Tradwife,Aba N Preach,2025-08-14T20:55:31Z
7Hq-tnjl_8k,Tradwives it is #tradwives #tradwife,Filipina Life with Mia,2023-04-07T08:49:08Z
4m-1M66v47o,Les commandements d‚Äôune bonne Trad wife : la soumission et la disponibilit√© se*uelle,Envoy√© Sp√©cial,2024-10-11T15:34:28Z
Gjxem8jgTv4,Everything I make in a day üç≥#realfood #tradwife #cooking,Gretchy,2024-12-11T20:42:50Z
z1TY9ozrQ4A,Biblical Submission is Bothersome? #tradwife #traditionalmarriage,Estee Williams,2024-01-25T18:08:44Z
Rl5whGOyF14,"TRADWIFE : CE COUPLE FAIT TOUT √Ä L‚ÄôANCIENNE : PAS DE TV, LESSIVE A LA MAIN, √âCOLE, S*XE‚Ä¶",LEGEND,2025-01-22T17:30:07Z
v7gWiyedC-k,Mormon Trad Wife to stay in an abus*ve marriage.  #exmormon #tradwife,Cults to Consciousness,2024-08-16T17:43:34Z
tp4WZNTpBZk,What do you think of the tradwife trend?,Tomorrow Man,2025-02-26T06:43:05Z
ptDeoutbWl8,Inspired by True Events #sahm #momlife #tradwife #workingmom #sahmlife #momhumor,Rosa Picosa at Home,2025-07-18T20:13:35Z
Onk2xcOziWQ,The Tradwife Movement,Estee Williams,2023-06-09T14:48:39Z
ptDeoutbWl8,Inspired by True Events #sahm #momlife #tradwife #workingmom #sahmlife #momhumor,Rosa Picosa at Home,2025-07-18T20:13:35Z
L9KADV0Ek4o,Tradwives: A Rebellion or a Return to Roots? | EP513 | The Dr. Phil Podcast,The Dr. Phil Podcast,2025-07-29T05:00:20Z
dtm5BoOsWxw,Trad Wife: Don&#39;t OverlookFinancial Independence. #pmhnp #marriage #divorce #tradwife #wife,KrisThePsychNP,2024-04-09T20:17:28Z
dYjvnoAdN9E,#tradwife - Die Carolin Kebekus Show | Carolin Kebekus,Die Carolin Kebekus Show,2020-05-21T18:15:00Z
GX2NtQl1F-I,Would you argue with your man?ü§îFollow @WayofGods #tradwife #redpill #conservative #traditional,Abigail Kintner,2023-10-07T18:59:59Z
zR5obd4bV3k,Day in my life üôè #tradwife,LAURA CLERY,2024-12-04T23:24:17Z
cyrfl7HtJug,Le vrai probl√®me des TRAD WIVES ‚õîÔ∏è #tradwives #tradwife #narasmith #breevandekamp #tiktok,Emilie Storytelling,2024-06-08T16:06:00Z
BoZ2P9Nq2aw,La Gripe Aviar y las Tradwives nos quieren acabar,jefillysh,2024-08-18T19:26:18Z
s-WDjPQbzWM,"The Trad Wife, Pick Me Girl Apocalypse",Film Cooper,2024-06-27T18:13:44Z
DPDgOJzGkM4,You will NEVER be ‚Äúenough‚Äù #jesus #God #christian #tradwife #christianadvice,This Mama's Faith,2023-07-13T13:30:04Z
KsYv-3KuM8Y,The Tradwife Trend‚ÄîFreedom or Fantasy? #podcast  #traditional #feminism,Dr Myriam Francois,2025-05-20T09:00:36Z
ujxdLDrOEb0,Your family needs your smile. üòä #homemaker #housewife #tradwife #biblicalwomanhood,This Mama's Faith,2023-06-26T14:00:38Z
NqDcSpGiiCo,Stay at home Girlfriends &amp; Tradwives - Hausfrauen der Gen Z &amp; Millennials?,BRUST RAUS,2022-11-28T14:00:11Z
dMRR6tcJHD0,TikTok y las Trad Wives,Ricardo Alcaraz,2024-08-07T19:29:06Z
h7cXyeeWaYg,explaining how Jojo Siwa became a tradwife if you‚Äôre employed and wanna know the tea,Amanda Todhunter,2025-07-24T15:45:05Z
NYkX64kWPvs,Trad Wife Hobbies But Feminist Attitude‚Ä¶..,Jill,2025-08-16T20:37:32Z
0wwW0m5ix1o,Tradwife life üíï #traditionalmarriage #tradwife  contains music from Christmas by wham,Estee Williams,2023-03-24T16:43:26Z
lbxaPJPaAlI,Tradwife Hits back #artificialintelligence #nextgenai #gemini #tradwife #conservative,The Uncanny VAIlley,2025-08-11T03:30:17Z
6K3Dpn76UDI,CASO BALLERINA FARM.  #viral #dinero #tradwife #familia #emprendimiento,Dinero Limpio ,2024-11-22T02:50:46Z
wG18Wnjtl84,What you don‚Äôt understand #women #tradwife #wife #mom #marriage #satire #parody #funny,Kayte Loryn,2025-01-09T07:17:17Z
9xiGAVNGNLM,Tradwife vs Stay at Home Mom #tradwife #sahm #cleaning #cleanwithme #momlife #shorts #youtubeshorts,Kellee Ann DeVore,2024-07-07T17:59:13Z
N_oI5AMGQeQ,Dear Trad Wives: Racism in the #tradwife movement,Breaking Down Patriarchy,2024-05-09T18:00:11Z
EnRTTvCuCko,Trad wives VS Knackered Women  #tradwife #tradwives #comedy #sketch #foryou #funny,Louise Atkinson,2025-02-06T18:24:49Z
VBg3DbKCw3w,My husband ghosted me #exmormon #maga #tradwife #divorce #marriage #relationship #narcissisticabuse,"Life, take two!",2025-08-11T09:06:41Z
L2SFfG6OdLU,My idea of female empowerment üòéü•ñ #sourdough #marriage #tradwife,Ivy Lauren,2025-02-02T22:49:57Z
z9rLEp2SJ0o,My Life As A Sugar Baby‚Ä¶I mean Mormon Trad Wife. ,"Life, take two!",2025-08-23T00:26:26Z
TcyqtiIlz0Y,warum Tradwives andere Frauen in die Selbstzerst√∂rung manipulieren,Silvi Carlsson,2024-07-07T16:30:28Z
f8rgjLamBko,tradwife tiktok cannot stop lying to themselves,Drama Kween,2025-02-06T10:32:40Z
TkhSRJhCFFw,Koca Bir Yalan: Tradwife Hareketi,Aylak Damla,2024-09-22T09:00:06Z
84fQ-cgc1lU,A cooking feminist? Oh my! #maga #exmormon #tradwife #recipe #love #home #family #feminist #wife,"Life, take two!",2025-08-08T07:27:55Z
lg9_m3dSDL0,Een inkijkje in mijn leven als Trad Wife ‚ú®#klikbeet #sketch #dagvlog,Klikbeet,2025-02-19T15:50:50Z
MwAP6dib208,The Rise of the Tradwife: Why This Social Media Trend Is Taking Over | Dr. Phil Primetime,Dr. Phil Primetime,2025-03-20T01:15:01Z
wek8YFqDtps,The Most Hated &quot;Tradwife&quot; On Tiktok | Interview With Savanna Stone,Jada Bell ,2025-08-13T21:00:06Z
Dc-4qDwn8Z4,¬øQui√©n es #roro? La pol√©mica de las #tradwife,Monitor fantasma,2024-08-07T02:35:29Z
UTNDwJOVV7s,Tradwife ü§±üèº#sketch #courtmetrage #laurentfirode #lesfilmsalarrache #tradwife,Les films √† l'arrache,2025-02-27T19:09:19Z
qULbBxG-zHk,Jojo Siwa&#39;s New Tradwife Look Is Worse Than You Think,StutterBox,2025-07-18T13:58:53Z
BJlPUEYNKfI,Tradwife Reviews the Oscars #sketchcomedy #comedy #tradwife #oscars #oscars2025 #theoscars #movies,Andrew Cornelius,2025-03-01T22:31:15Z
d_22977r9V0,The stay at home mom divorce is a nightmare! #sahm #tradwife #feminism #divorce #marriage #poverty,"Life, take two!",2025-06-19T10:05:32Z
tPxIRqSd_lY,Jojo Siwa&#39;s New Tradwife Grift Is Wild.,kayla says,2025-07-14T18:21:29Z
pcXZMCod154,A Well-Trained Wife plots her escape. #tradwife #shinyhappypeople,Cults to Consciousness,2025-01-04T22:48:53Z
vIY5P4F78as,The DELUSIONAL ‚ÄúPrincess Treatment‚Äù Trad Wife Coach,Brianne Worth,2025-07-31T20:00:41Z
QheMY4-6zhM,"Converting to Islam, Becoming a Muslim #tradwife #storytime #muslim #islam #catholic #hispanic",Wildtangles,2024-03-29T02:21:53Z
rpTFDcoJ6Rk,Home üè° ‚ù§Ô∏è #homemakermotivation #homemaker #tradwife #sahmcleaning #sahmomlife #sahm #sahw,Victoria Y,2023-06-06T12:05:46Z
EovM-hBTQPA,TradWife,Les films √† l'arrache,2025-04-10T11:00:07Z
J8eutB9N7fg,I worked for FREE! #tradwife #mormon #feminist #marriage #family #maga #womensrights,"Life, take two!",2025-01-29T19:38:47Z
Rp2rnhMpBvg,Nara Addresses ‚ÄúTradwife Allegations&quot; #shorts #narasmith #jayshetty,PinkNews,2025-07-15T16:00:50Z
CXjLpqvut5E,When you want to be a trad wife but don‚Äôt  skill #lifestylecreator #tradwife #expectationvsreality,Jenna Lauralei,2025-04-01T18:13:35Z
_lbwAeYulmc,Submit to your husband as you would to Christ üïäÔ∏è #tradwife #biblicalwife #traditionalwife #short,Jasmine Dinis,2023-09-09T11:31:22Z
_J1RCXkOCTk,Would YOU want to live like this?? ‚Äã‚Å†@z00mie #besties #bestiesforever #tradwife,Sophia & Noelle,2025-09-03T20:52:53Z
vCrEeHisFHg,Threatened my WIFE WITH DIVORCE...  #shorts,AmuseTales,2025-09-05T01:14:00Z
Wqk2qI2etww,Tradwives die neuen Feministinnen? @danielslumpp| unbubble #shorts,ZDFunbubble,2024-08-29T16:00:27Z
3ptIRSaiMfI,Tradwife of huisvader? | Bettieakkumaai,vpro,2025-03-13T15:11:03Z
3vB8-vxLTuw,&#39;Tradwives&#39; trend on social media receives pushback,ABC News,2024-06-20T11:44:50Z
7xbQzBia_us,Margje Fikse is BLIJ als ze van huis wegrijdt #blij #moeder #tradwife,EO,2024-01-09T16:00:04Z
jtvn735zaW0,Bless the providers ü§ç #biblicalmotherhood #tradwife,Home -on purpose-,2025-02-21T20:16:15Z
yTZj8gp-FiY,Should wives get an allowance? ü§î #milkmaid #homesteadingfamily #growyourownfood #homemade #tradwife,Honey_im_homesteading ,2024-07-30T22:32:59Z
hutydv5zhkQ,as mulheres que ainda vivem como nos ANOS 50! as &quot;tradwives&quot;,Matando Matheus a Grito,2024-03-26T22:00:18Z
8jUdgl7sN-c,TRAD WIVES E A BUSCA ETERNA PELA PERFEI√á√ÉO #tradwives #tradwife,Nut. Ms. Lu√≠sa Schiavini,2025-01-13T21:00:41Z
zktTRgMvREM,Gotta fulfill my duties #tradwife #traditional #wife #sundress #country #cowgirl #cowboy #western,theanyamatusevich,2025-07-28T17:40:46Z
CFimEaltORE,#tradwife #millennial #genz #housewife,Justin + Tara,2025-07-20T16:29:44Z
zY5R5F4gKBw,Yummy new recipe from Lara #tradwife,LAURA CLERY,2024-12-30T20:49:19Z
CNScSXqgTHA,My bitin‚Äô list as a blue collar trad wifeü§© #bluecollarwife #tradwife,Tori,2025-08-06T10:09:54Z
XDLlYkjtsUU,How to steward your marriage #traditionalwife #tradwife,Mrs. Aria Lewis,2025-05-17T13:02:26Z
tEnA4idSxV4,#women #advice #relationship #traditional #tradwife #stayathome,Samendie Blanchet,2024-11-20T17:15:08Z
NaiWPwcSXkw,Why The TradWife Movement Will Fail | Mary Harrington,Chris Williamson,2024-01-24T16:00:25Z
PUE7tMsRxOg,"Trad wives, trophy wives, career women‚Ä¶oh my! #tradwife #trophywife #wife #mom #feminist #marriage","Life, take two!",2025-08-25T17:57:32Z
2MgKXzCG580,I prefer my end of the deal ü•∞üíñ #tradwife #homemaker,Home -on purpose-,2025-06-10T19:11:58Z
vQ0_GGXDjFI,Trad Wife Reveals a Man&#39;s Most Attractive Quality,Gent Z,2025-09-03T21:40:46Z
wk8UNWDkQQA,Tradwives,Weltspiegel,2024-08-16T11:15:07Z
ARSYoqd2ByE,Tradwife on differences between men and women!,whatever Clips,2025-08-30T21:00:08Z
4_-lOB7t2RA,The trad wife to poverty pipeline is so real! #tradwife #mormon #divorce #marriage #womenempowerment,"Life, take two!",2025-02-01T14:51:22Z
vqUos3B0wWA,‚òÄÔ∏è 6 AM TradWife Morning Routine #Short #Shorts #sahm #mom #cleanwithme #tradwives #tradwife,Every Day By Faith ,2023-02-24T15:04:20Z
VzvrVQaTeVo,Conservative men are so out of touch right now. #tradwife #biblicalmarriage #feminist #maga #wife,"Life, take two!",2025-07-13T22:46:44Z
KwUzhJIZe78,üßπ Nieuwe TikTok hype &#39;Trad Wife&#39;: vrouwen verheerlijken leventje als huisvrouw | Hart van Nederland,Hart van Nederland,2023-08-11T11:00:13Z
MTDgoQoHEZI,Accept reality and grow. That‚Äôs empowerment. #tradwife #softlife #trophywife,Julia Cha - Social Elegance & Power,2024-11-18T03:42:39Z
YKopNdsqySk,Interesting comments I receive..üòÖ #homemaker #tradwife #femininity #traditionalwoman,Melissa Blancarte,2023-10-07T18:23:02Z
tf0dKSd5mRk,"Roro, ¬øinfluencer &#39;tradwife&#39;? #actualidad #roro #tradwife #mujeres #influencers",Upeka,2024-08-01T08:30:17Z
elZnLgNWZTk,Why The TradWife Trend Is Misleading Women,"Hi, Fam!",2025-02-16T19:19:56Z
gcQ8nhNFW4o,Welcher Heilige hat euer Herz besonders gewonnen? #mutterschaft #katholisch #paterpio #tradwife,Nelya Teresa ,2025-03-13T15:26:17Z
ImkuYLrAGZw,TRAD WIFE TREND IS A MISERABLE LIFE,JulieJo,2025-07-16T11:00:56Z
FYOCDX__skI,JoJo Siwa Defends ‚ÄòTrad Wife‚Äô Look #shorts #jojosiwa #bettedaviseyes,PinkNews,2025-08-12T21:00:12Z
T7AUN832sUc,&quot;Born Again Trad Wife&quot; Can&#39;t Take Responsibility for Anything,Pearl,2025-09-06T20:01:18Z
gEIBHjKEyqY,What Does a Homesteading Trad Wife Do All Day?,This Humble Homestead,2024-05-09T21:18:33Z
SBlvcX1TlC8,How to make lard üåø#Homesteading #TradWife #FarmToTable #FoodPreservation #SelfSufficiency,Mikayla Herrmann,2024-06-04T14:34:44Z
z4eocYjWi1Q,that‚Äôs just our dynamic! #tradhusband #tradwife #couplestiktok #couple #relationship #marriage,Sophia,2025-07-25T07:04:41Z
wrJ5hR28mJE,¬øQu√© son las tradwives?,UnoTV,2024-07-30T18:51:48Z
XyT6xwNf_78,What I packed for my man! #lifeontheroad #bluecollar #bluecollarwife #tradwife #sahw #camperlife,Tori,2025-06-26T13:47:03Z
mpek7qvoHRA,TRADWIFE? Lela Brand√£o fala sobre movimento de mulheres que viralizou | Corte Engatilhadas,DiaTV,2025-04-18T15:01:24Z
oYruJ9ia2ug,I&#39;m a tradwife.. I only dress up for my husband üéÄ #huisvrouw #thuisblijfmama #vintagestyle #tradwife,Sofie Lambrecht,2024-01-31T16:37:15Z
Tk_JPOQGkKQ,"Qu√© son las tradwives, el fen√≥meno que se hizo viral en redes #tradwife #ballerinafarm #narasmith",Corta,2025-07-06T14:41:00Z
XoOK9gxVKe4,Trad Wife: –ø–æ—á–µ–º—É –≤–µ—Ä–Ω—É–ª–∞—Å—å –º–æ–¥–∞ –Ω–∞ ¬´–∏–¥–µ–∞–ª—å–Ω—ã—Ö –∂–µ–Ω¬ª,–ü—Ä–∞–≤–æ–µ –ø–æ–ª—É—à–∞—Ä–∏–µ –ò–Ω—Ç—Ä–æ–≤–µ—Ä—Ç–∞,2024-10-27T09:00:06Z
vI4FtJqseOk,Jojo Siwa: Queer Icon To Straight Tradwife?,Amala Ekpunobi,2025-07-10T18:09:11Z
j-S7akK-5qg,Do you think I‚Äôm wifey material? üêìüå∑ people tell me  I have some trad wife vibes. Do you agree,Emma Clarke,2025-07-18T02:00:25Z
wyFvUAd7fIE,Unsolicited advice from a Feral Tradwife,Feral Tradwife,2025-07-28T17:57:17Z
gBzv0x0M8to,I love being a trad wife #tradwife #wife #traditional #heteronormative #normal #sahw,Elleigh,2024-04-22T11:55:47Z
maWzElZO6D0,I threatened my wife with divorce after she quit her job to be a &quot;tradwife&quot;,Panda Stories,2025-09-09T07:00:53Z
IYm9vVMQWVY,how to become more grateful as a homemaker #tradwife,Mrs. Aria Lewis,2025-04-10T16:57:45Z
qZV81N_kV0I,TradWife Pipeline ‚õîÔ∏è  the ultimate betrayal #healingjourney #tradwife #tradewives #divorce #breakup,HeartcheckAura,2024-03-05T06:59:19Z
MfMlHWTTJYQ,Esposa Trof√©u e Tradwife: Como Influencers Romantizaram a Depend√™ncia Financeira,Julia Leivas,2025-05-20T15:01:40Z
3J_fbmXgxsY,A day in my life - part 1 ü§ç #independentartist #tradwife #dayinthelife,Natalie Joly,2024-09-19T18:22:41Z
oYruJ9ia2ug,I&#39;m a tradwife.. I only dress up for my husband üéÄ #huisvrouw #thuisblijfmama #vintagestyle #tradwife,Sofie Lambrecht,2024-01-31T16:37:15Z
elZnLgNWZTk,Why The TradWife Trend Is Misleading Women,"Hi, Fam!",2025-02-16T19:19:56Z
tf0dKSd5mRk,"Roro, ¬øinfluencer &#39;tradwife&#39;? #actualidad #roro #tradwife #mujeres #influencers",Upeka,2024-08-01T08:30:17Z
KwUzhJIZe78,üßπ Nieuwe TikTok hype &#39;Trad Wife&#39;: vrouwen verheerlijken leventje als huisvrouw | Hart van Nederland,Hart van Nederland,2023-08-11T11:00:13Z
4JzZToruHS8,Tradwives vs Boss Babes | The Bridge,Dr. Daf Show,2025-06-07T14:00:12Z
3OtoE1GBONk,"Not me ACCIDENTALLY starting a trad wife discourseüôÉ registry gifts, Sunday with the famü§ç",Meia Snow,2025-09-09T23:43:03Z
j-S7akK-5qg,Do you think I‚Äôm wifey material? üêìüå∑ people tell me  I have some trad wife vibes. Do you agree,Emma Clarke,2025-07-18T02:00:25Z
SBlvcX1TlC8,How to make lard üåø#Homesteading #TradWife #FarmToTable #FoodPreservation #SelfSufficiency,Mikayla Herrmann,2024-06-04T14:34:44Z
YZi3-LuXJP0,Suis-je une TRADWIFE ? Notre couple - Notre famille - Notre organisation,HembiseFamily,2025-03-20T17:00:42Z
gEIBHjKEyqY,What Does a Homesteading Trad Wife Do All Day?,This Humble Homestead,2024-05-09T21:18:33Z
FYOCDX__skI,JoJo Siwa Defends ‚ÄòTrad Wife‚Äô Look #shorts #jojosiwa #bettedaviseyes,PinkNews,2025-08-12T21:00:12Z
IYm9vVMQWVY,how to become more grateful as a homemaker #tradwife,Mrs. Aria Lewis,2025-04-10T16:57:45Z
z4eocYjWi1Q,that‚Äôs just our dynamic! #tradhusband #tradwife #couplestiktok #couple #relationship #marriage,Sophia,2025-07-25T07:04:41Z
ImkuYLrAGZw,TRAD WIFE TREND IS A MISERABLE LIFE,JulieJo,2025-07-16T11:00:56Z
wrJ5hR28mJE,¬øQu√© son las tradwives?,UnoTV,2024-07-30T18:51:48Z
mpek7qvoHRA,TRADWIFE? Lela Brand√£o fala sobre movimento de mulheres que viralizou | Corte Engatilhadas,DiaTV,2025-04-18T15:01:24Z
dHpI9Bb72zU,JoJo Siwa Is A Trad Wife Now?,Cal Does Life,2025-07-11T21:37:13Z
1W12Rx5Ksd8,Her Husband Expects Her to Be a Tradwife‚ÄîBut She Has a Full-Time Job!,BurbNBougie: That Girl on the YouTubes,2025-09-03T12:50:00Z
qZV81N_kV0I,TradWife Pipeline ‚õîÔ∏è  the ultimate betrayal #healingjourney #tradwife #tradewives #divorce #breakup,HeartcheckAura,2024-03-05T06:59:19Z
sOIYgxZ9k_8,The sourdough starter to Trad wife pipeline üòÇ #sourdoughstarter #tradwife #tradwifelife #stayathome,TitaTots,2025-02-15T02:02:14Z
Tk_JPOQGkKQ,"Qu√© son las tradwives, el fen√≥meno que se hizo viral en redes #tradwife #ballerinafarm #narasmith",Corta,2025-07-06T14:41:00Z
Koxgg1JtZdk,Tardwives Doppelmoral #tradwife,LoKr Room,2025-07-20T15:03:03Z
gBzv0x0M8to,I love being a trad wife #tradwife #wife #traditional #heteronormative #normal #sahw,Elleigh,2024-04-22T11:55:47Z
DgrR8wTTIW4,God got to me #rootedinfaith #femininewomen #catholicwomen #tradwife #faithbasedcontent,JustMarieChristine,2025-07-15T18:44:51Z
S0LT3sRqKoI,"La tradwife, une invention marketing ?",France Culture,2024-05-04T16:00:31Z
3J_fbmXgxsY,A day in my life - part 1 ü§ç #independentartist #tradwife #dayinthelife,Natalie Joly,2024-09-19T18:22:41Z
iFdBt2Tnlfs,Baked to perfection. Out 6. Dec. #tradwife #homecooking #acapella #choir,B O D I E S,2024-12-02T22:13:32Z
maWzElZO6D0,I threatened my wife with divorce after she quit her job to be a &quot;tradwife&quot;,Panda Stories,2025-09-09T07:00:53Z
3KWzdP0wHHY,Dave Franco Asks Alison Brie If She Believes in ‚ÄòTrad Wife‚Äô Roles üëÄüíç | Vanity Fair Lie Detector,Official Basement Society,2025-09-02T14:06:24Z
2cqnmi42vvY,Boyfriend wants her to be a tradwife? ü§Ø #reddit #relationship #makeup #shorts,Female Reddit,2024-06-22T01:26:53Z
MG1X1T_5TdE,Chores don‚Äôt have to be boring #homemakermotivation #homemaker #cottagecoreaesthetic #sahm #tradwife,Victoria Y,2023-06-16T13:00:25Z
zSjivnoobYE,"&#39;Skibidi&#39;, &#39;delulu&#39; e &#39;tradwife&#39;: o que significam 3 novas palavras do Dicion√°rio de Cambridge",g1,2025-08-18T20:01:30Z
H7PsfyF6fyw,I hate such men #traditionalwife #tradwife #housewife,Matcha Granny,2025-08-08T14:39:41Z
nsbCf7mlDFc,–ö—Ç–æ —Ç–∞–∫–∏–µ trad wife? #tradwife #—Ç—Ä–µ–Ω–¥ #—Ç—Ä–µ–Ω–¥—ã #—Ç—Ä–∞–¥–∏—Ü–∏–∏ #—Ç–∏–∫—Ç–æ–∫ #–ø–∞—Ç—Ä–∏–∞—Ä—Ö–∞—Ç #—Ü–µ–Ω–Ω–æ—Å—Ç–∏,–ü–û–°–¢–ù–¨–Æ–° Shorts,2024-07-31T07:11:37Z
c2TDEJBFe_M,The Homemakers Prayer #homemaker #tradwife #homemaking #homemakingmotivation #homemakers #cleaning,This Mama's Faith,2023-08-06T17:47:42Z
mOkHrVJDUoA,Women have always worked #womenshistory #historyfact #tradwife,Georga in Grad School ,2025-03-01T01:00:47Z
5rV_WD0NW5s,Is it the function or the person that‚Äôs the problem? #whatsthebiblesay #tradwife #marriage,What's the Bible Say?,2025-06-19T14:48:31Z
h6rW2we9SY4,Obeying the Lord by honoring our husbands #tradwife #traditionalwife #homemaker,Embracing Eden ,2024-07-28T21:46:29Z
WYCVH7xDkX4,My favorite thing to doü•π #bluecollarwife #tradwife #wife #welderswife #bluecollarfamily,Tori,2025-07-23T10:17:23Z
6HFZey9J5yQ,When my husband tells me to make chili cheese dogs #homemaker #tradwife,Melissa Blancarte,2023-10-28T18:35:57Z
gbvOlPdI4QA,üå∑I Can‚Äôt Wait! #short #shorts #momlife #momvlog #sahm #sahmlife #tradwife #traditionalwife,Every Day By Faith ,2023-03-30T01:23:19Z
GTGSOBlATcA,Christianity did women dirty! #maga #exmormon #america #christiannationalism #tradwife #marriage,"Life, take two!",2025-08-19T13:00:16Z
V6cYfkxSH9I,Project 2025 is the fantasy of these guys #maga #tradwife #christiannationalism #feminist #exmo #mom,"Life, take two!",2025-07-28T13:55:57Z
UjpGR5bif6s,Tradwife en huisvader in gesprek | Bettieakkumaai,vpro,2025-03-14T15:00:43Z
RPWVsDwTUEg,You are building your life ü´∂üèª #homemaker #homemaking #traditionalwife #homemakerlife #tradwife,Grace ,2024-07-24T21:20:36Z
EW0y2YIvtTQ,Based pregnant tradwife CALLS OUT Gen Z girls!,whatever Clips,2025-08-31T19:00:10Z
fMk5B8LzBU4,Should a woman live BELOW her man? #feminism #tradwife #genderroles #thejadabellpodcast,Jada Bell ,2025-06-27T18:00:48Z
E7MCjXANeEY,Could the &#39;Trad Wife&#39; be making a comeback? ü§î,Ruby Riot Creatives,2025-02-21T18:02:09Z
l5ZO9jSPMic,üåÆ Taco Tuesday üåÆ #tacos #homestead #foodie #tacotuesday #cooking #housewife #tradwife,Lady‚Äôs Farm,2025-08-05T16:11:16Z
0tmBpJbo2og,Roro y el &quot;PELIGR0&quot; del movimiento &quot;tradwife&quot; | Emmanuel Danann,Danann,2024-07-23T14:00:00Z
wiG8ioEHl7E,Ze is tegen de beweging van de &quot;tradwife&quot; #moeder #tradwife #werken,EO,2024-01-14T16:00:28Z
4azmrQPxj3o,I gotchu ‚ù§Ô∏è #cooking #recipe #food #wife #marriage #motherhood #tradwife #mom #sahm,The Savory Side,2025-09-01T04:39:49Z
WCtuDwjO3vA,¬øQu√© Significa ‚Äútradwife‚Äù? #qu√©significa #tradwife | @alarconnelson,alarconnelson,2024-07-23T21:38:24Z
W8QuAfsHoLc,#misogynistic Dad doesn&#39;t want me to be a #tradwife #aitareddit,Stories Untold,2025-07-08T15:09:47Z
kUgFVAZDroo,Clean with me!! Lets tackle this nightmare room,Feral Tradwife,2025-07-10T02:21:20Z
qXWBWkhFmMk,&quot;Tradwife&quot; Nedir? Tiktok&#39;taki Ev Hanƒ±mlƒ±ƒüƒ± Akƒ±mƒ±,Kazƒ±klƒ± Maria,2024-07-05T21:19:53Z
KiDI-VgeN1s,"Giving my husband the TRADWIFE TREATMENT? | Overhauling Our Evenings: routines, recipes + more",Megan Fox Unlocked,2025-05-08T18:30:31Z
S0LT3sRqKoI,"La tradwife, une invention marketing ?",France Culture,2024-05-04T16:00:31Z
AwINrUwJ3QA,What are your thoughts on the #tradwife trend?,Mikayla Pinkerton | Motherhood | Everyday Life ,2025-04-04T00:16:49Z
TYZB9_FB3m8,Trad wife life but hot #tradwife #savannastone #whateverpodcast,Pretty politics üå∏,2025-06-22T23:41:16Z
Ao-hxhok64o,Mornings as a mom of three two and under #tradwife,Joelle Swenson,2025-07-25T11:27:04Z
I8CHNK0b-ww,"Traditional wife, happy homemaker ü§é #homemaker #tradwife #momlife #traditionalwoman #homeschoolmom",Melissa Blancarte,2023-10-17T18:09:06Z
eX0cYM42TZk,Tradwife&#39;s Dark Side: Unveiling the Hidden Dangers #shorts,Surly Voices,2025-08-17T19:50:10Z
pHiXmHnhh00,Trad wife online communities are becoming more popular #podcast #tradwife,Gina Bontempo,2025-02-21T03:56:28Z
EV1GFcXp21E,@tylerbenderr #tradwives #tradwife,Tyler clips,2024-11-17T05:53:30Z
kNoueyV8N60,"The Trad Wife Debate: Roles &amp; Realities, Roles and Realities",Dialogues With Jagero,2025-09-09T10:19:08Z
Gzs4sssaBCc,The Trad Wife trend! #podcast #tradwife #marriage #traditionalmarriage #relationship #fyp #trending,Relate Right,2024-11-21T12:50:25Z
IuDHsLAH7xA,Being a tradwife is regressive,iToldYa_theApp,2025-07-08T19:00:17Z
4JzZToruHS8,Tradwives vs Boss Babes | The Bridge,Dr. Daf Show,2025-06-07T14:00:12Z
3OtoE1GBONk,"Not me ACCIDENTALLY starting a trad wife discourseüôÉ registry gifts, Sunday with the famü§ç",Meia Snow,2025-09-09T23:43:03Z
1W12Rx5Ksd8,Her Husband Expects Her to Be a Tradwife‚ÄîBut She Has a Full-Time Job!,BurbNBougie: That Girl on the YouTubes,2025-09-03T12:50:00Z
brWVyAR3vLw,trad wife in training i guess? #tradwifetok #tradwife #antiinflammatory #antiinflammatorydiet,Asia Alza,2025-08-28T00:13:32Z
YZi3-LuXJP0,Suis-je une TRADWIFE ? Notre couple - Notre famille - Notre organisation,HembiseFamily,2025-03-20T17:00:42Z
3pNbTEJYL1U,Debunking TikTok&#39;s Most Toxic 19 Year Old Tradwife Influencer,Jana Mae,2025-07-19T16:18:05Z
rWBU1jEFrc0,What is a trad wife? #tradwife #blackhomemaker #homemaking #Godlyhomemaking,Katie Meghoo,2023-09-25T03:05:37Z
dHpI9Bb72zU,JoJo Siwa Is A Trad Wife Now?,Cal Does Life,2025-07-11T21:37:13Z
_z0YccNYATo,i personally believe women belong in kitchen #tradwife #housewife # stay-at-home,normie16,2025-08-26T19:31:11Z
ZYgBnuFKNCo,Cambridge Dictionary Adds TWO NEW Words! (Tradwife &amp; Skibidi) #shorts,The Pew & The Popcorn ,2025-09-05T17:58:57Z
NsE7OIdmPSQ,From MAGA mommy to global activist for change. #exmormon #tradwife #maga #racismawareness #democrat,"Life, take two!",2025-07-12T14:26:31Z
p5w63vZIqo4,Only thing is missing is homemade bread ü•ñ#funny #tradwife #europe #usa #fyp,NPEN,2025-07-12T20:08:41Z
5E8-Js2Zk7o,Is Trad Wife Culture Setting Women Back? #tradwife #tiktok #london #streetinterview #intentt,Intentt Clips,2025-06-12T14:00:29Z
XiFUfszhAFo,Men should be clear when they ask for tradition wives. #tradwife #marriage #sham,Mama Knows,2025-05-25T17:37:53Z
QbzIL4lk9t4,Why women are getting divorced‚Ä¶ #maga #exmormon #tradwife #divorce #marriage #love #couple #feminist,"Life, take two!",2025-08-11T08:26:48Z
5QPNpBGR04w,Nara Smith Got Exposed (she can‚Äôt stop stealing) #shorts #narasmith #tradwife #viralvideo #luckyblue,Channel X,2024-07-29T10:30:06Z
Z31v6AVBd9s,Le probl√®me de l‚Äôanti TRAD WIFE üíºüçº #tradwife #tradwives #desperatehousewives #lynettescavo #s√©rie,Emilie Storytelling,2024-07-03T16:00:27Z
uheuw8ACC8I,finally eating after cleaning for 9 hours! #cooking #mealideas #tradwife #skillet #eatseverything,jaz,2024-10-02T04:03:49Z
g1K_OLIN1KQ,Is being a ‚Äútrad wife‚Äù biblical? #tradwife #trad #homemaker #homemaking #christianpodcast,Date Night With The Woods,2024-11-14T19:27:17Z
Yo5y1gugD1c,Being gentle is not weak #tradwife #femininestrength #softhearted #strongfaith,JustMarieChristine,2025-07-25T18:46:21Z
Ifj8k1FxNO0,#reels #vlogger #trendy #tradwife #family #feminineenergy #wife #relationship #nicetomeetyou #usa,Hristina's Life,2025-09-01T22:50:36Z
UKaImEV1qnQ,#tradwives #tradwife #realestateagents #realestateinvesting #blessed #homemaker,Justin + Tara,2025-04-28T20:10:06Z
BtcieXSmuEs,üëâComments üëâ #wife #sahm #tradwife #feminine #femininity #marriage #motherhood #mother #dating,The Savory Side,2025-09-04T03:42:49Z
XsEt9SZ3rFg,Modern Feminist Left Speechless by THIS Point üò≥ #shorts,OpenSage,2025-08-24T16:30:21Z
WVUHx9KjUOM,This is a full vibe ü§£ #tradwife #homemaker  #conservative #submission #biblicalwife,Jasmine Dinis,2023-09-06T06:29:35Z
rCFlYLNhuoo,"Traditional, not Trad. #traditionalwife #notatradwife #tradwife",Mama Sarah's House,2024-05-14T04:59:31Z
v4HbMopFF9M,Jesus wants me in the kitchen!! #exmormon #lds #tradwife,Alyssa Grenfell,2024-08-11T00:55:07Z
77p7JKiFuqw,üö®Exposed üö®The Tradwife Life‚ÄîPerfect or a Prison? (@ballerinafarm),zest,2025-08-29T14:26:39Z
wfSi-mrHJnQ,#homemaker #dinner #bigfamily #housewife #tradwife #pregnant #ditl,Cluttered Mother ,2025-01-25T03:55:01Z
xS9uIsenMok,Millie Bobby Brown Exposed as Trad-Wife? #shorts #milliebobbybrown #tradwife #callherdaddy,PinkNews,2025-03-18T19:00:48Z
VJpTpETSKlU,Easy way to eat more iron #tradwife,Sara Hygge ,2025-08-31T15:39:07Z
6XfuO-dlY60,Making my husbands gift from scratch #comedy #tradwife #christmas,Nicole DuBois,2024-12-21T03:31:55Z
jpvwMDBGwfI,I‚Äôll make it through somehow‚Ä¶ü§îüè° #tradwife #stayathomemom #sahm inspired by Lynne | simple livingüåæ,Ivy Lauren,2024-09-09T16:15:04Z
0tmBpJbo2og,Roro y el &quot;PELIGR0&quot; del movimiento &quot;tradwife&quot; | Emmanuel Danann,Danann,2024-07-23T14:00:00Z
ssyz_Nm3MIY,I worked without pay because I was a ‚ÄúHelp Meet‚Äù. #tradwife #wife #submissivewife #mormon #marriage,"Life, take two!",2025-06-08T15:23:38Z
TR-uw965MLo,Thermomix Tradwife,Phil Laude,2025-07-01T16:00:50Z
MCdepz3VCTQ,Happy Labor Day weekend! #camperlife #rvlife #lifeontheroad #bluecollar #bluecollarwife #tradwife,Tori,2025-08-31T14:05:56Z
ijjgMO8QKJc,Does the #tradwife life encourage the belief that men solely have value as financial providers? üí≠,The Financial Diet,2024-08-05T00:23:37Z
PYIxcNmAxCw,TEASER: Why&#39;s the Media Calling #MeghanSussex a #tradwife w/ JO PIAZZA,Off With Their Headlines,2025-04-10T16:16:03Z
1OlkR3VCQdY,TALKING TRADWIVES: Is domesticity really such a bad thing? #parentingpodcast #tradwife #currentread,The Great Equalizer,2025-09-02T11:00:52Z
_X4Q0S2ZHms,#tradwife #traditionalwife #housewife #christmasfashion,Life With Mrs P,2023-12-04T21:43:03Z
LSe8IWmL2Ak,This week with we discuss #narasmith and the #tradwife craze that was sweeping the nation recently,FluentlyForward,2025-02-10T22:05:55Z
Vn_cmoFJDxg,#homesteading #housewife #tradwife #cooking #canning #foodpreservation #urbanhomesteading #fyp #sahm,ZestyGrower,2025-03-28T08:26:55Z
o9fIgqk1c80,Is Millie Bobby Brown Becoming a Trad Wife?,Bro Fame,2025-07-07T18:53:21Z
GO7JmJzUgl4,Being ‚Äújust‚Äù a mom and wife is actual liberation ü§é #tradwife #traditionalwoman #sahm,Melissa Blancarte,2023-12-09T01:00:41Z
qnHCc_WCrCE,Sign Language &amp; Tradwife Life: Skills You Didn&#39;t Know!,Watch Me with Emily Galindo,2025-07-23T17:57:43Z
cDjXE6DolcA,so thankful for him ‚ù§Ô∏è #stayathomewife #tradwife,Mrs. Aria Lewis,2023-10-24T13:34:28Z
RNHKJVcnDsQ,"Tradwife culture: Nara Smith, Ballerina Farms &amp; Tiktok",Right Answers Mostly,2025-08-11T07:00:33Z
jJpazbDoMUs,"Shamaya (25) droomt van leven als tradwife: &#39;Ik volg mijn partner, zoals dat hoort&#39;",WNL,2025-08-31T08:51:23Z
JSsrO4-9Z1E,The Trad Wife To Kink Pipeline,Cal Does Life,2025-07-05T21:40:44Z
DVHptdSvkN8,RAINHA DAS &#39;TRADWIFE&#39; EXP√ïE MARIDO E VIDA TRISTE QUE LEVA SENDO T√ÉO TRADICIONAL,Maicon K√ºster News [OFICIAL],2024-07-30T20:54:15Z
vTx9Z1QnVXw,Stay tuned for when I make garlic bread from scratch. #tradwife #traditional #cook #redpill,Abigail Kintner,2023-10-06T20:28:55Z
6NGxT2iVfpQ,Is the &quot;Tradwife&quot; Trend Actually Biblical?,Focus on the Family Marriage,2025-07-10T16:30:03Z
27UNnI3DUNM,#narasmith #nanny #tradwife #cooking #cleaning,P,2025-07-28T15:23:47Z
w8_kc7IyD_U,Finanzielle abh√§ngig: Stay at Home Girlfriends #tradwife,MOMENT Magazin,2024-11-29T18:00:40Z
T5tv4556zrA,"Trad wife vibes - no job, making bread #homemade #homemadebread #tradwife #homebaked",The Orange Bunch,2025-04-08T10:14:25Z
7FFIZwjmB5s,Woke Feminist vs Conservative TradWife,itsSeanDaniel,2025-08-28T14:38:05Z
BrhtdLlU9zc,TikTok ‚ÄòDay Collar Girl&#39; Sends Tradwives Into A Tailspin,Ammy Robinson,2025-07-02T13:40:29Z
MKailurtN64,#husbandgoals #tradwife #conservative,"Hollie, I'm That mom",2025-06-20T04:53:18Z
aBWrDaBBFLc,tiktok‚Äôtaki geleneksel ev hanƒ±mƒ± akƒ±mƒ±nƒ± yorumladƒ±ƒüƒ±m videom bu gece kanalda yayƒ±nda ü©∑üå∏ #tradwife,Kazƒ±klƒ± Maria,2024-07-05T19:07:48Z
g9Yt7b_-6fo,Gen Z Tradwife Trend: A Reaction to Millennial Values? #shorts,Right America Media (RAM),2025-08-13T16:57:31Z
QYOqxwEZ94w,Crypto bros talk #tradwife culture. What more could you want? Dinner is ready!,Planet Atmos,2025-08-22T21:56:47Z
QC2Inn3r6I8,#housewife #tradwife #proverbs31woman #homeschoolmom #christianhomemaker,Mountain Mama's Home,2024-03-12T15:51:47Z
v7AfwNM0TMM,"With the rise of trad wife tiktok, Lauren‚Äôs jealous üòÇ #tradwife #podcast",Mamma Social The Podcast,2025-02-23T19:00:34Z
6lz7aQSm7tY,He&#39;s Not &#39;Manipulative&#39; - I Chose To Be His Tradwife | LOVE DON&#39;T JUDGE,Love Don't Judge,2025-09-01T14:00:12Z
Pz9_IWhaLgA,She makes linen garments #tradwife #homemaker #proverbs31 #proverbs31woman #christianfaith #bible,TheLatinaTradWife,2024-04-04T01:01:20Z
-3_fVAmyl5I,¬øHay un feminismo tradwife?,Newtral,2025-06-19T18:00:02Z
tCIBuPWxFPo,NY Housewife Vlog ft. Murphy the Housedog-Part 1 #housewife #tradwife #traditionalwife #nyhousewife,Sierra Davidoff,2024-06-27T20:08:56Z
iJKRaSyUXWs,"Hannah Neeleman, The Trad-Wife of Ballerina Farm Claps Back At Reporter For &quot;Attack On Her Family&quot;",Know Your Meme,2024-08-02T18:03:44Z
EQ8ynE1Hn6k,Fun traditional wife trend.  #trending #tradwife,My Simple Life,2023-04-11T16:50:17Z
5otef5GMKkI,What Happened to Women? #tradwife #catholic,Martin,2025-05-30T01:47:01Z
G1PY6C86KJ0,coco was the OG trad wife #webkinz #americangirldoll #tradwife #podcast #podcastclips #funny,Three Peas and a Pod,2025-07-22T13:58:28Z
Xe2ciCjURXc,I&#39;ll do anything!! #stayathomegirlfriend #cute #tradwife #worthyoflove #carpenter #lawncare #garden,Megan Woodring,2025-07-31T18:51:04Z
JwtUiBctQRg,Are Tradwives Rebranding Feminism? | The Stream,Al Jazeera English,2025-09-02T13:30:18Z
9JKyDzp7aGo,Being a submissive wife isn‚Äôt oppressive #catholicwoman #tradwife #catholicwife,JustMarieChristine,2025-09-02T01:01:32Z
J87pb-c7rJs,#biblicalwomanhood #tradwife #housewife #christianmotherhood #morningroutine #momlife,Mikala Camero,2024-11-16T17:35:33Z
4k9no1RZSmc,Ce qui se cache derri√®re la tendance TRADWIFE,ENTR fr,2025-07-23T14:37:01Z
GuW5kTFzRzw,√âPOUSES TRADITIONNELLES : le R√äVE vire au CAUCHEMAR,Lolastinglife,2025-09-07T08:00:17Z
MWyOVpreNJ4,Is It Just Me Or‚Ä¶? #women #tradwife #stayathomegirlfriend,Sasha Whitney,2025-08-17T00:02:08Z
iuOqLPlFCN0,"The ART Of simple living, a cozy spring day #cozyliving  #slowliving #tradwife",Sara Hygge ,2025-08-22T17:38:32Z
zCwXYw6sYIw,t√©moignages d&#39;anciennes tradwife #tradewife #couple #relationship,Stylouish,2025-07-27T07:00:51Z
ap9ddPzSiaE,Trad wife level: UNLOCKED! ü•∞ #wife #momlife #thankful,Our Wild Life,2024-11-14T21:19:56Z
l5V2mxIsjHQ,Ask and answer #homemaker #homemakerlife #homemakermotivation #momlife #tradwife #cleaning #sahm,Victoria Y,2024-03-20T17:18:50Z
oIRDg-bD_AA,"Qu√© es &quot;tradwife&quot;, la nueva tendencia en las redes sociales sobre las esposas tradicionales",eldoce,2024-08-27T02:13:18Z
wHvfFZ6Huz4,The secret sauce to getting your spouse to change! #marriedlife #tradwife #datingadvice,HenryAndVictoriaDoss,2025-04-11T12:01:41Z
H8SM1L8DFx8,"Les ¬´tradwives¬ª, ces femmes conservatrices qui irritent les f√©ministes",Le Figaro,2024-03-17T09:00:15Z
6RgMZN-AuRk,My mompreneur morning after drop-offs #tradwife of sorts ü§£ #houseworkroutine #laundryroutine,Mom Culture,2023-03-16T17:44:23Z
izKt_96vH2s,Sourdough cinnamon rolls for the win! #baking #easyrecipe #feminist #tradwife #mormon #lds #home,"Life, take two!",2025-01-29T20:04:58Z
twFQkVNKzGM,The dangers of the #tradwife movement,Stowe Family Law,2025-07-21T14:46:12Z
TCZARpa20Ck,Another one for all my tradwives! #HomesteadHustle #tradwife #homesteading #proverbs31 #biblicalwife,This Humble Homestead,2025-03-12T17:12:10Z
UL-D2hf1osw,piek≈Ço czy raj? ≈ºycie tradwife,Ania Gemma,2024-08-11T07:30:14Z
MCkt4b4CwvI,Why I chose to be a tradwife in a world that has abandoned family values | SBS Insight,SBS Insight,2025-07-11T21:00:20Z
kqN1TMfa3Lw,can women live in peace? #tradwife #thoughts #selfimprovement #thoughtoftheday,oriana ü™ÑüéÄ,2025-06-28T13:52:26Z
L-olXCghOQE,Tradwife cooking stream takes a turn for the worst‚Ä¶ #twitch #cooking #streamer #tradwife,Berticuss,2024-09-06T09:08:56Z
CxIolu_To-w,will this make him love me? #worthy #love #cute #tradwife #pressurewashing #homeimprovement #diy,Megan Woodring,2025-07-25T21:03:06Z
D6drMoAthp0,"God, country, &amp; a killer red lip #faithfamilyfreedom #tradwife #usastyle #homemaker",JustMarieChristine,2025-07-04T19:08:25Z
u_G6W11uCPo,Tradwife akƒ±mƒ± #ke≈üfet #trendingshorts #love #psikoloji #trending #tradwife,Arzum Hanƒ±m'la Yarƒ± Ciddi ƒ∞≈üler,2024-09-25T18:15:06Z
F33nbqnZNhk,#tradwife #podcast #tiktok,"Loving Christ, Always ",2025-01-07T17:54:00Z
-e_qzhT3x44,#guilty #fyp #homesteading #homestead #tradwife #traditionalwife #traditional #viral #relationships,Mallory Doran,2025-01-06T14:12:54Z
Het5j-tHewI,VOC√ä CASARIA com uma TRADWIFE? | CORTES do ESON CASTRO,Edson Castro [Oficial],2024-05-06T23:00:07Z
FmHOOB1JXUs,"Yes, I&#39;ve fallen for it üíï #biblicalmotherhood #homemaker #tradwife",Home -on purpose-,2025-05-25T19:53:01Z
VsDUjnGJA2Q,When you love homemaking! #countingmyblessings #homemaking #homemaker #biblicalwomanhood #tradwife,At Home with Sis. Meika,2025-05-09T04:00:30Z
YH7Uo8tv3ms,Trad wife or biblical wife? #tradwife  #bible #god #proverbs31woman #beauty #beautiful #ytshorts,The Feminine Elegant Lady,2025-08-17T12:00:52Z
zjbxHR6bTQM,Tradwife ‡∏Å‡∏≤‡∏£‡∏Å‡∏•‡∏±‡∏ö‡∏°‡∏≤‡∏Ç‡∏≠‡∏á‡πÄ‡∏°‡∏µ‡∏¢‡πÅ‡∏ó‡∏£‡πà | ‡∏™‡∏≤‡∏£‡∏∞‡πÄ‡∏£‡πá‡∏ß by alien EP.29 [TH/EN SUB],alien ‡πÄ‡∏≠‡πÄ‡∏•‡∏µ‡πà‡∏¢‡∏ô,2025-06-07T03:01:13Z
nOtMEuCT30k,Lunch for my husband. #gorditas#husband#tradwife#newvideo#shortsvideo#easy,Random stuff,2025-06-07T17:54:57Z
prAh45UFn8I,Brainwash Tradwife Ideology,Ivanka ,2025-06-28T15:01:23Z
ZxPCBTliZnM,When Leaving Home Is Necessary for Sanity #momlife #sahm #tradwife,HairWigTips,2025-05-21T11:54:39Z
ApoewgP9St0,Tradwife Zeynep in gesprek met huisvader Joey | Bettieakkumaai aflevering 1,vpro,2025-03-13T13:00:12Z
S-mA6uRdnek,Traditional Gender Roles?! #shorts #madmen #tradwife #movie,Film Froggie,2025-08-12T14:00:45Z
0YqsI_EZnOg,Now that‚Äôs true love üòç #tradwife #couplecomedy #whatsfordinner,Sara L Show,2025-04-19T23:00:03Z
kNeYke6YP7U,Why Savanna would NEVER support feminism!!  #savannastone #feminism #tradwife,Jada Bell ,2025-09-03T17:01:07Z
-5UcESSmZM4,"Tradwives, las ‚Äúfeministas‚Äù que defienden someterse a sus maridos",DW C√≥mo te afecta,2024-08-01T10:50:48Z
oDnkBmj7iOo,A tradwife √©letforma a val√≥ √©letben nem l√©tezik | Zs√≥filter #s02e18,Partiz√°n Podcast,2024-07-18T04:00:34Z
zbfSEFg8xdk,She sets about her work vigorously #proverbs #christianwomenempowerment #womenempowerment #tradwife,TheLatinaTradWife,2024-03-21T21:57:17Z
8g3LXnA6BBA,Une tradwife moderne qui n&#39;a pas peur de s&#39;exprimer ! üåü,AtotheZ13,2025-08-31T10:19:36Z
Aw-H8s1J-wg,Beth in the City (unsupervised tradwife nonsense),Feral Tradwife,2025-06-07T18:41:53Z
ovh0f7RdWVQ,Tradwife oder einfach nur verblendet?,Kyzer Live,2025-07-11T12:31:04Z
BQ3-phUFFDg,Can a man cry to his woman? #traditionalwife #tradwife #marriage #relationship #chicago #podcast,Won To Won podcast ,2025-04-15T11:39:46Z
IznHv9Ee0KE,"Pt. 2 - Andreia Viegas, a tradwife √† portuguesa com certeza.",LelasBalelas,2025-06-02T14:12:49Z
7dd2SZvZM_k,Tradwife Meaning | New Vocabulary #learnenglish #english #shortsfeed #shorts #vocabulary #iol #viral,IOL English Speaking Learning Platform,2025-08-24T09:32:13Z
E8wyWt-D9Fs,What do you think? #surferswife #traditionalwife #tradwife #rawmilk,Sustainably Rosalie,2025-08-13T23:07:28Z
aalhoTOUQXQ,TRAD WIFE,Meade Music,2024-04-27T22:36:23Z
JIVIUkBKEyA,A Day in the Life of a #Tradwife,Postmodern Mom,2020-05-12T12:00:10Z
siPuWl8AN2w,Tradwives Explained,OpenAndShut,2025-09-07T12:31:08Z
-kr2ZdiECJg,"If you *are* curious, download the Bonded app www.bonded.me! #tradwife #collar #submission",Sex with Catalina,2025-07-07T16:21:45Z
rbl1YOuyxxI,Just a Happy Homemaker #largefamilymom #introduction #tradwife,Abiding Home,2024-06-05T00:33:52Z
wnIqpRItJUg,QUE ES UNA TRADWIFE RORO Y PABLO TIKTOK #explicado #tradwife #tradwive #feminismo,Heisenwolf,2024-07-30T04:12:01Z
3Eg6A9fDNIM,When you got a ‚Äúmany man‚Äù #farmliving #tradwife #mancrush  #marriage #welding #construction #farming,SecondChance With Ruth,2025-08-06T23:52:06Z
KYnOsugm168,#roro es una #tradwife ? |  #polemica #tendencia,V√©rtigo Pol√≠tico,2024-07-24T04:53:28Z
p7iEpJRZOYY,A Woman of Modesty | Embracing Femininity #christianhomemaking #modesty #tradwife,Cottage Time,2025-01-23T21:20:16Z
X9S8DOQSfOQ,"Happy Wife, Happy life ü•πü´∂üèª #tradwife",Sara Hygge ,2025-07-04T17:40:14Z
iDLvOJrYpPU,&#39;Trad Wife&#39; Aesthetic Is Taking Over The Internet | Mo of Everything,MO,2025-08-29T02:30:39Z
X9S8DOQSfOQ,"Happy Wife, Happy life ü•πü´∂üèª #tradwife",Sara Hygge ,2025-07-04T17:40:14Z
iDLvOJrYpPU,&#39;Trad Wife&#39; Aesthetic Is Taking Over The Internet | Mo of Everything,MO,2025-08-29T02:30:39Z
nWmoYZJqHw8,Mes conseils pour devenir une #tradwife,Femme √† part,2021-09-24T08:00:13Z
OQOiSUe2BWE,Ich teste das Tradwife Leben,Mehr als Geld ‚Äî by Sparkasse,2024-11-12T15:00:24Z
_-F3eMKie0c,"The ‚Äòtradwife‚Äô movement: All flax and linen, or a pipeline to fascism?",The Sydney Morning Herald and The Age,2025-09-07T19:10:14Z
94UMC1iPq84,How to distinguish between types of submission #tradwife,Mrs. Aria Lewis,2025-04-15T01:15:59Z
s56CObyml_c,–ü—Ä–æ—Ñ–µ—Å—Å–∏—è: –∂–µ–Ω–∞. –ü–æ—á–µ–º—É –∑—É–º–µ—Ä—ã —Ö–æ—Ç—è—Ç –ø–∞—Ç—Ä–∏–∞—Ä—Ö–∞—Ç–∞? Tradwife-—Ç—Ä–µ–Ω–¥,#–±–µ–∑—Ñ–∏–ª—å—Ç—Ä–æ–≤,2025-03-21T11:02:45Z
uIvbKAzlp2k,Nara Smith la influencer ‚Äútradwife‚Äù,El Espejo Estiloso ,2025-06-10T02:50:37Z
xzmqiIyGItE,K√ºchen-Battle zwischen Retro-Tradwife und Hardcore-Feministin | Lea van Acken in Bad Influencer,ARD Comedy,2025-03-06T16:45:04Z
kpvtYRaE_do,Most controversial discussion IVE EVER HAD‚Ä¶ #savannastone #tradwife,Jada Bell ,2025-08-12T23:10:28Z
9qDpaflKBQo,The Sugar Baby Lifestyle‚Ä¶I Mean TradWife,Jenny Gervais,2025-07-23T11:00:06Z
wsYX64fTROA,Trad Wife SILENCES Room Full Of Male Feminists With One Question,The Poor Mans Podcast Reacts,2025-08-01T23:01:14Z
CcqXjoyRJpg,ON DEVIENT DES TRADWIFE ET ON ADORE √áA‚Ä¶,Jill,2024-12-04T19:05:39Z
FgqIqd7cgoo,#gender #germany #hossundhopf #new #news #politics #tradwife,HossmitK√∂pfchen,2024-09-25T08:35:50Z
rkfC1VPqrV8,Pourquoi je ne suis PAS une TRADWIFE ‚õîÔ∏è,Tha√Øs d'Escufon,2024-12-01T16:15:02Z
UIN36-y6P0k,What‚Äôs a Tradwife? üëó,Saved by the City,2025-05-15T22:31:16Z
3VF-ZJUWRnE,Tradwife-Trend: Sind Hausfrauen jetzt auch RECHTSEXTREM?| AMERICAN SHAKE-UP #7,The American Shake-Up,2025-06-08T15:00:08Z
SfP5P-iu8gw,Tradwife-ok a tiktokon #savannastone #tradwife,Je Suis Agnes,2025-08-31T15:27:09Z
uSPyCQE3wKI,#tradwife Ostmulle und Co: Frauen in der extremen Rechten ‚Äì Pinke Pille #Podcast Episode #3,Pinke Pille - Der Antifeminismus-Monitor,2025-09-01T08:45:10Z
9CxHl4jv7wo,Tradwife Zeynep over mannen die huilen en burn-outs | Wat lul je nou?! compilatie #4,BNNVARA,2024-11-22T15:00:09Z
L1StKfMx57E,I‚Äôm here for the trad wife life! So thankful for a good provider as a husband! #tradwife #SAHM,I want butter on it!,2025-08-06T16:29:40Z
piSr0BVvVME,"Skibidi, Lewk, Delulu, and Tradwife Take Over the Cambridge Dictionary!",News Mobile,2025-08-19T14:12:25Z
acDJtyt7gtA,Tradwife | Batch Cooking | Maternit√© | Organisation | CONFESSIONS - Je r√©ponds √† vos questions !,FamilyCoste,2025-02-02T07:00:03Z
FpaDWchR_Ho,its giving trad wife üñ§‚ú® #cooking #tradwife #housewife #cookwithme,Nathalie Cobra,2024-03-26T13:56:55Z
CUTozNXBW2g,Quieyo amorü§£ü•≤#couplecomedy #comedy #marriagecomedy #marriedlife #prank #tradwife #amadecasa #funny,Natalia,2025-03-11T19:32:51Z
8GO6Wg-vHws,NON. Je ne suis PAS une TRADWIFE ! L&#39;offensive des Femmes au Foyer 2.0 - Vlog Alphonsinevintage,AlphonsineVintage,2024-06-09T15:00:09Z
sdfTvw43bDQ,Is Being a &quot;Trad Wife&quot; really an insult?,Youngstown Studio,2025-08-18T22:00:52Z
_OWqZcWaRFY,24h dans la vie d&#39;une trad wife (not for me),ElsaforJune,2024-06-08T08:16:07Z
WRyYE3P0Fkk,Have you dating a trad girl already? #tradwife #dating,Emma Clarke,2025-07-11T12:00:21Z
Bk0vez_LLYg,Tradwife War Ripping Conservatives Apart,The Majority Report w/ Sam Seder,2025-04-16T02:00:18Z
CYvdWgn3Bls,Big sister advice that might make you mad #tradwife #catholicwoman,JustMarieChristine,2025-08-14T01:09:40Z
rkuj-jjSqdg,The dangerous rise of tradwives and conservatism,Jessica Lees,2025-06-29T10:01:28Z
dPH5SCrUoT4,Successful Trad Wife Influencers Really Just Girl Bosses? #narasmith #tradwife #streetinterview,Intentt Clips,2025-06-14T14:00:24Z
ztGuSV_t5ks,Come travel with me!#wife #explore #travel #tradwife #seetheworld #iceland #adventure #couple #style,Faith,2025-05-25T16:52:03Z
GBYOdn-FDHE,On what planet is Millie Bobby Brown a tradwife?! #podcast #podcastclips,Hard Copy Media,2025-02-22T18:48:53Z
BKThdhV6DP4,The Rise of the &quot;Tradwife&quot;: Psychology of a Controversial Choice,Factverse: Love & Life,2025-08-22T19:30:06Z
DZqjS5FDEYU,Feminism sold a lie and went on sale #feminism #history #womensrights #tradwife,Pretty politics üå∏,2025-08-17T00:03:36Z
0oTKk6RYXhw,More like trad girlfriend #tradgirlfriend #tradwife #lifestyle #grwm,Robyn Esparza,2024-12-18T23:16:30Z
tN506iwCEmM,Marry a Mormon girl! #love #couple #mormon #tradwife #utah #lds #couple #relationship #churchgirl,"Life, take two!",2025-02-08T20:54:16Z
PLjRfYEmAiQ,Tradwife Nedir?,Dilara Tunes,2023-05-26T18:40:36Z
D_fi_Vza3Yg,Trad Wife A Female Fantasy Only Achievable On Social Media? #tradwife #london #streetinterview,Intentt Clips,2025-06-05T10:00:29Z
5EM1D2B7KEs,JAK WYGLƒÑDA DZIE≈É Z ≈ªYCIA TRADWIFE?,Wiktoria Wilkosz,2022-02-01T12:36:41Z
V_vt5Ll7WuI,UNE TRADWIFE DANS LA VILLE,Haneia,2025-07-20T11:13:15Z
7p8pgUTwyq0,am I a trad wife now?! #tradwife #traditionalmarriage #lgbtq #indiefolk #folkpop #comedy #funny #lol,MORGXN,2025-04-03T05:16:36Z
BdVSbZikneI,Tradwife Dilemma: Can Broke Men Afford a Ring? #shorts,BearGames,2025-08-21T12:52:50Z
yIfNiNRjWrE,Details in description #catholicwoman #femininestrength #tradwife #obedienceovercomfort,JustMarieChristine,2025-08-06T02:52:46Z
hmk-WpHvVBQ,#NaraSmith will forever and always be that girl üò§ #food #cooking #tradwife #podcast,Spoon University,2025-07-21T20:27:34Z
K0KaJ3pDZ8E,Mother of 5 in the kitchen pregnant. #bread #thirdtrimester #sourdough #traditional #tradwife,My Simple Life,2024-01-10T18:57:07Z
bENOzCYCxlg,#Tradwives: El lado oscuro de las esposas tradicionales de EE. UU. | Historias Vivas | Documental HD,"Historias Vivas | Gente, Vida, Documentales ",2025-02-13T18:00:25Z
LnfEiyImNjM,üòùüòù#tradwife #dayinmylife,Cassandra Clark,2025-07-27T17:48:21Z
Du8T5rmHPsU,The Beauty of being a Trad Wife #tradwife #singleincomefamily  #servantsheart #biblicalwife,This Humble Homestead,2025-01-23T19:58:13Z
17JpBt0xLkY,Nara Smith Expecting 4th Child #tradwife,Lilly Archive,2025-06-09T14:14:48Z
vaDccG4jZ44,Tradwife Reloaded,internationales literaturfestival berlin,2025-09-10T09:59:23Z
dSD4x9bAUdk,City girl meets Amish carpenter  düåæ‚ù§Ô∏è #amishlife #tradwife #simplelife | 00341,Mara Gray,2025-09-09T13:44:32Z
fe5OyYtOz54,Embracing Trad Wife Vibes One Dress at a Time #tradwife #sahmsoftiktok,Jaime Robinson,2025-05-20T02:12:20Z
ocHvTUrVb28,like let‚Äôs calm down peopleüòÇ#marriedlife #traditionalmarriage #tradwife #sahw #homemaker  #crazy,Kelsey Colloca,2025-02-03T04:03:31Z
ApoewgP9St0,Tradwife Zeynep in gesprek met huisvader Joey | Bettieakkumaai aflevering 1,vpro,2025-03-13T13:00:12Z
n_t4Dt1nXto,Social media terms ‚Äòskibidi‚Äô and ‚Äòtradwife‚Äô among new words added to Cambridge Dictionary,Irish Independent,2025-08-18T15:07:22Z
ZutwXadwsow,Tradwife &amp; F√©ministe : Peut-on vraiment concilier les deux dans un couple ?,En Face de Toi,2025-05-21T18:00:06Z
EsBRrJJYkfc,Life is good ‚õ™Ô∏èü§ç #dayinmylife #ireland #tradwife,Millie Wang,2024-12-02T09:30:52Z
piRK4VJ5x40,Is The Trad Wife Feminism In Action? #tradwife #feminism #tiktok #london #streetinterview #intentt,Intentt Clips,2025-06-06T14:00:23Z
NqpBGFnyH58,Always grateful ü•π #married #marriedat19 #tradwife,Millie Wang,2023-10-25T12:35:37Z
3HhBKLA-EG0,Trad Wives &amp; Boss Babes Out Monday!  (5/26) womeninbusiness #bossbabe #tradwife,The Affinity Films,2025-05-24T00:03:36Z
dX4DwPZhH_w,Should Wives Submit to Their Husbands? Feminist vs. Tradwife,Honest Discourse,2025-04-27T16:00:06Z
IuvpxosVV08,Anyone else? üíïü§ç #biblicalmotherhood #sahm #homeschoolmom #tradwife,Home -on purpose-,2025-05-23T19:39:37Z
7PcO1RIHMk8,The Boss Babe and the Trad-Wife and their Mythical Counterparts,Elizabeth Rogliani,2025-08-14T16:15:01Z
q9QBPO4kLhI,God Can Keep Marriages in 2025! #marriage #marriedlife #tradwife #love #husbandsandwives #faith,At Home with Sis. Meika,2025-06-23T04:01:05Z
4oq2Ix_UJe8,Unapologetically caring for my family ‚ù§Ô∏è #youtubeshorts #homemaker #tradwife #shorts #youtube #love,TheLatinaTradWife,2024-10-23T06:13:50Z
0QOr0-j4eI0,‚ÄúTradwife‚Äù comfort wear ideas!,Kalyani Talks,2025-03-01T19:50:24Z
rBwQ_AsN0FA,Humble Trad Life Chronicles #tradwife #tradlife #traditionalwife #sahm #wifey,Teri Nesmith,2025-07-28T16:13:43Z
LDZOBqzAsK0,Derri√®re l&#39;image : qui sont vraiment les &quot;tradwives&quot; ? ‚Ä¢ FRANCE 24,FRANCE 24,2025-09-08T13:50:46Z
AYNisFr4gYM,"Pt. 1 - Andreia Viegas, a tradwife √† portuguesa com certeza.",LelasBalelas,2025-05-30T14:48:53Z
uK9J1sDbXjU,We have to fight for our daughters‚ô•Ô∏è #womenempowerment #feminist #sahm #tradwife,"Life, take two!",2025-03-04T11:25:46Z
4hdhUtBb94U,Agree or disagree?ü§î #podcast #tradwife #softlifeera #relationship #psychology #podcastclips,The Happy 9 to 5,2025-04-14T19:46:25Z
ubWB3FrsYz8,Tradwives,Ill Conceived,2025-09-05T14:16:13Z
CR1h1Akuvb8,De vrouw behoort onderdanig te zijn aan haar man! #christendom #god #tradwife #feminisme #huwelijk,Bloeien in Vrouwelijkheid ,2024-06-19T20:02:55Z
wf09PV3MHC8,Enquete exclusive - Tradwives : ces super meres au foyer qui seduisent l&#39;Amerique,sgsrgsrg srgsrg,2024-10-19T10:06:46Z
kWe4sDno8ok,"&#39;Skibidi,&#39; &#39;tradwife&#39; added to Cambridge Dictionary",PBS NewsHour,2025-08-19T19:06:29Z
ZfOL4RHVzCQ,Millie Bobby Brown Responds to ‚ÄúTrad Wife‚Äù Label,Pop culture center,2025-08-12T12:15:08Z
IRC8j4Iwkto,"Raybould, Mom to 5 Boys #tradwife #pipeline #evangelicalchurchproblems",Celeste Yvonne * The Ultimate Mom Challenge,2025-08-23T17:17:32Z
ql6dwRWDnKc,"Ooh, what say you?? #relationships #marriageadvice #husbandandwife #modesty #tradwife",HenryAndVictoriaDoss,2025-04-21T01:02:56Z
ppEu2Z67oRk,Day In The Life Of #tradwife,Sara Hygge ,2025-03-18T13:25:57Z
s0c9vyxkPes,A marriage should not keep score. #tradwife #traditional #marriage,Abigail Kintner,2023-11-04T22:01:54Z
iWHOtP8ZJNc,How To Find A Tradwife (Brutal Reality),Grace the Sinner,2025-06-14T00:00:59Z
H2nGSer6SL8,The Tragedy of the Tradwife - Alex Kaschuta | Maiden Mother Matriarch Episode 161,Maiden Mother Matriarch with Louise Perry ,2025-09-07T18:00:13Z
6EBfMBPymbw,WHY BEING A TRADEWIFE SAVES MARRIAGES‚Ä¶ #tradwife #feminism #marriages #divorce,Jada Bell ,2025-06-26T17:03:45Z
bmNFcOeK1OI,Moroccan Wife Cooking  #moroccan #food #TradWife #traditionalmarriage,Sara Hygge ,2024-11-08T19:12:41Z
GKdA1MPcGO0,Nobody wants children. #womenempowerment #tradwife #tradwives #bossbabe,The Affinity Films,2025-05-26T14:59:28Z
pOGb3jxRejU,STOP BEING EMOTIONAL Christian Tradwife God Talk,This Mama's Faith,2024-05-26T14:00:38Z
2PYOUGVYYJs,Jojo Siwa Embraces Tradwife Aesthetic in New Song Promo,Pop Culture Crisis,2025-07-09T12:00:12Z
_6OcIzIoMLk,Insane TikTok Tradwife Promotes SA,Ryan Beard Productions,2025-06-30T13:09:59Z
iykdFeCh4CI,She became a tradwife after failing as a gay icon,Kate Knows,2025-07-20T14:01:06Z
aamll-hzgys,Two husbands swap their wives,Benjamin'sLoveTales ,2025-09-04T09:08:37Z
75lMhw_ArJM,we as women cannot fall for this propaganda #feminism #womenempowerment #tradwife #softlife #shorts,Lauren Schwartzbard,2025-07-11T04:00:14Z
rKqxMf1vWcE,It‚Äôs all for him right? #tradwife #gardening,"With love, Tere",2025-02-11T21:44:18Z
PHY5gyWbXkM,How tall are you really? #mensdatingadvice #redpill #tradwife #height,Manthropology,2025-09-04T20:30:11Z
NV_7SPe_BNU,Women are trying to OUTSCORE men‚Ä¶.. #feminism #tradwife #marriage #thejadabellpodcast,Jada Bell ,2025-06-26T17:26:20Z
y0ulZCgE_nw,POV Rich/ Trad wife,Catalina Ramos,2025-08-27T23:52:59Z
cheB_JXSkik,some comments I&#39;ve been gettingü´£ #housewivesdrama #tradwife #homemaker #homemaking #housewifeblog,Demi,2025-09-10T07:57:22Z
lAiNi33hRf0,Episode 34 - Behind The Tradwife w/Margaret Bronson,Kators88,2025-06-09T06:10:42Z
cheB_JXSkik,some comments I&#39;ve been gettingü´£ #housewivesdrama #tradwife #homemaker #homemaking #housewifeblog,Demi,2025-09-10T07:57:22Z
FSrbO3C0XjA,Sofie a choisi un mode de vie &quot;tradwife&quot;,ENTR fr,2025-07-28T14:24:00Z
gMYUyLmF4G4,"‚ÄúOh btw, what time should I expect breakfast?‚Äù #cringe #tradwife #tradhusband #foryou",Joel Howland,2025-06-21T03:35:21Z
PGk-blNYLTo,¬øYa no quedan buenas Hembras? (La verdad) #relaciones  #tradwife #hombrealfatop,Gerry Sanchez,2025-09-08T05:10:40Z
jJ7POm-6i3U,Cambridge Dictionary Adds &#39;Skibidi&#39; and &#39;Tradwife&#39; - 95% of Corporate AI Pilots Fail - Churches D...,Daily Sync Podcast,2025-08-19T11:23:42Z
2H2MyE_S2Lg,Modern Love Is Broken ‚Äî Tradition Has the Blueprint,Juming Delmas Studios,2025-09-09T23:41:11Z
ikKdn2mD7bk,Sadece 15 dk üòçü§å #yemektarifleri #tradwife #belarusian #turkish,Lina Eve,2025-09-08T13:01:24Z
aOovR6DzJao,Propaganda i‚Äôm not falling forüëåüèΩ‚Ä¶ #tradwife #ozempic #depression #skincare #reinehaut #sch√∂nehaut,Emira,2025-08-28T10:41:13Z
glWXoy2QNn8,on trad wives (had to cut it short oops),sl√°ine,2025-09-07T11:17:58Z
2jv6yu9s_Pg,Le mouvement ¬´ tradwife ¬ª incarne le rejet du f√©minisme moderne | PODCAST,Liara,2024-05-14T17:00:01Z
ATXBYYE9WbE,The Trad Wife Is Just A #GIRLBOSS,Liz Plank,2025-09-09T18:03:55Z
RvDfLwM71w0,Delulu is an official word !!!! #vtuber #vtuberclips #delulu #genz #tradwife,Xeno Matter - Waconne Vtuber,2025-08-21T11:04:07Z
9QAfBhhXqW4,FULL VIDEO ON PAGE  #balerinafarm #narasmith  #TRADWIFE  #trandingvideo #feminism #shortsyoutube,HELEN VESSEL,2024-09-22T14:36:36Z
MztLsQOP4Sw,"tradwife isn&#39;t love, it&#39;s control",ruby starr ,2025-09-09T23:21:19Z
iR5ybLXDd-o,Let&#39;s be real #traditionalrelationships #tradwife #fyp,Jacob Anderson,2025-09-09T23:17:20Z
lrQtG00RxA8,Trad Wife Regrets Her Marriage | Claims Financial Abuse After Not Getting A &#39;Fair&#39; Divorce,Masculine Excellence,2025-09-09T16:41:52Z
bBAFBcu0aAA,My Fianc√© Wants to Become a Tradwife After Marriage‚ÄîNow I‚Äôm Tempted to Call Off the #reddit ,The Story Vault,2025-09-10T09:17:01Z
Kps7JbkLq_U,Religious Trad Wife&#39;s be like...,Bosniak Wojak ,2025-09-09T09:44:45Z
wtLMFnnIdjc,Tradwife life Starlight,Wenger,2025-09-08T21:50:38Z
e8BosAbh1UQ,Husband Abandons Wife &amp; Kids For AI Girlfriend,H3 Podcast,2025-09-09T17:12:15Z
PIzP6bcmOz4,Would you try this?ü§î #tradwife #redpill #christian #conservative #traditional #cooking #recipe,Abigail Kintner,2025-09-07T21:13:32Z
tlnBbY0WuSc,Tradwife-ilmi√∂: perinteist√§ naiseutta vai jotain muuta? - Vieraana Liina Isto,Matkalla Impivaaraan,2025-03-24T12:38:12Z
UNg0WRRpGa4,I almost became a trad wife‚Ä¶ here‚Äôs what I learned,Aimee,2025-09-08T15:45:17Z
a91n6Hiwe9I,My Fianc√© Wants to Become a Tradwife After Marriage‚ÄîNow I‚Äôm Tempted to Call Off the #reddit ,Reddit Recitals,2025-09-08T21:18:00Z
QL1DR0IDPN4,Talking Society: Deconstructing the ‚ÄòTradwife‚Äô phenomenon,Notes and Quotes Podcast,2025-08-11T23:00:34Z
bJiuFvZH1_4,Tradwife: liberdade ou pris√£o disfar√ßada?,PodComAmigos,2025-09-08T03:00:40Z
rok_xeH3P-o,How to keep up with your home,Mrs. Aria Lewis,2025-09-10T00:01:06Z
0Fyoxzqdk1w,feminist WH*RE gets TRIGGERED by BASED Trad wife and THIS happened! (CATFIGHT),Offensive Truths,2025-09-08T09:52:29Z
-Rej8wisqaI,Tackling my DOOM LAUNDRY ROOM,Feral Tradwife,2025-09-06T16:27:05Z
uJAhlq4UpdQ,Zur√ºck an den Herd? Der Tradwife-Trend im Check,Sawana ,2025-07-06T10:01:33Z
rXahoQjR4xU,just a thing I learned from my dadüßº #cleaning #cleantok #housewifeblog #tradwife #housewife,Demi,2025-09-05T12:01:44Z
hm0pC7FJqa0,My Fianc√© Wants to Become a Tradwife After Marriage‚ÄîNow I‚Äôm Tempted to Call Off the #reddit ,The Story Vault,2025-09-08T22:29:00Z
y0Fja0gjvgc,#tradwife #housewifelife #cleantok #homemaking #homemaker #housewifeblog #adayinmylife,Demi,2025-09-10T10:01:42Z
kMRq4BuPajo,"CHICK FLICKS Y TRADWIFE. Episodio #14: Noticias, Cine y Debates.",Sarasa's club,2025-09-09T22:27:53Z
n1QWcKnWCLA,Onam Cleaning Vlog | Deep cleaning Vlog | tradwife | ‡¥ì‡¥£‡¥Ç ‡¥í‡¥∞‡µÅ‡¥ï‡µç‡¥ï‡¥Ç #cleaning #onamspecial #tradwives ,Vibe With Sali,2025-09-05T15:01:32Z
bpuql4rGZf4,What do you think?ü§î #whateverpodcast #whatever #redpill #tradwife #traditional #conservative,Abigail Kintner,2025-09-07T21:23:10Z
nGWmlC_J1ys,D&#39;Ing√©nieure √† Trad wife : ce que j&#39;aurais voulu savoir ,Anadja Djn,2025-09-07T10:26:11Z
D2Aozb1lWSI,Are Lesbians the New Tradwives? #podcastclips,LezHangOut Pod,2025-09-08T23:00:13Z
e1fvfQ202GE,Feminist Gets TRIGGERED by BASED Trad Wife ‚Äî And THIS Happened! (Wild Exchange),Straight Talk Network,2025-09-10T00:12:45Z
NPjLhEo8xZ4,There Is No Virtue In Being A Single Mom,Pearl,2025-09-03T21:50:19Z
lAl3S0XfN10,#tradwife #healthy #chicken,rappinskillzcan  aka LOSER EXPOSER,2025-09-09T17:40:30Z
pRugAwOJtQc,üíÉ‡∞®‡∞æ ‡∞≠‡∞∞‡±ç‡∞§ Moodsü§£ü§£Telugu Wife stndup Comedy üíÉüòÇ #viralshort #mood #telugucomedy #standupcomedy #funny,Crazy World,2025-09-07T09:44:29Z
m7wWjK3BWOY,Wie findet man den richtigen Partner f√ºr sechs Kinder? | Vollzeitmutter und Ehefrau Victoria Bonelli,Jasmin Kosubek,2025-09-07T06:00:29Z
h-zw-eDoP54,Trad life and Alternative Histories as roots of Fascism (Vol.2/2),Lisa Fevral,2025-09-05T13:30:46Z
Wmu-8TDQfDk,How to honor your husband,Mrs. Aria Lewis,2025-09-06T12:01:06Z
H3fGMbnWD0o,How to become Ma Ingalls,Mrs. Aria Lewis,2025-09-09T00:00:17Z
g-3dyY5QDqA,videshiyon ‡§ï‡•á ‡§≤‡§ø‡§è message/ What is your daily routine for a housewife? #shorts #minivlog,Renu ki Mummy ,2025-09-09T15:41:36Z
p7LfsbD88eE,"My brother refuse to let his wife STUDY because he ONLY wants her as his ‚ÄúTRAD WIFE,‚Äù so she left_",reddit.bvny3,2025-06-07T16:01:23Z
GhBNo_w653I,How to marry young,Mrs. Aria Lewis,2025-09-07T00:00:18Z
1Qq8mNUcDzs,Trad wife gone wrong,Rose Rates,2025-09-09T11:08:50Z
1Qq8mNUcDzs,Trad wife gone wrong,Rose Rates,2025-09-09T11:08:50Z
v8iEBvMGfvo,STOP Dating Your Smartphone! Get to the PHILIPPINES,Island Ladies,2025-08-20T17:00:06Z
3U6y-63STSw,Pflaumen Cookies selber machen üç™‚ù§Ô∏è#handmade #cookies #chocolate #backen,Simha Lily,2025-08-31T09:30:31Z
scSgQ-pxwGw,How to be a traditional woman in a modern world,Mrs. Aria Lewis,2025-09-08T12:01:43Z
NMYZwMTiZI8,Hard luck‚ùå‚ùå #gameplay #challenge #letsplay,Tradwife,2025-09-10T05:35:15Z
T7PJ3ro0Fa8,Save the chicken üò≠üò≠#funny #fyp„Ç∑ #gameplay #challenge,Tradwife,2025-09-10T05:41:15Z
CPmlXIOLG4E,MARRIED WOMEN LOOKING DOWN ON SINGLE CHILDFREE WOMENü•¥ü§¶‚Äç‚ôÄÔ∏è ‚ÄúTHEY ARE TOXIC AND BAD INFLUENCE‚ÄºÔ∏èüòè‚Äù,LYZANDRA,2025-09-05T21:42:37Z
twpYemxbn9g,Gardening trad wife üå±,Kirsty Everdeen,2024-09-25T16:35:04Z
D4dl19jPR9k,I Lived the Feminist Dream - Here&#39;s What They Don&#39;t Tell You,Olivia Swing,2025-09-09T20:59:49Z
9-Y8ZPZ0ftk,Tradwives &amp; GigaChads. EYHO Boo . Let&#39;s chat,VlogsBoutNothin,2025-05-01T03:50:49Z
_IpFD5W9_xc,‚ÄúI Told Him I‚Äôd Be His Trad Wife‚ÄîThen He Found My OnlyFans and Kicked Me Out‚Äù,Chloe's Stories,2025-09-09T00:00:50Z
An8LPmfrg4s,Gen Z are the new Shakespeare! #teennews #SkibidiToilet #Delulu #GenZSlang #CambridgeDictionary #vfo,V-Family fun in Oz (VFO),2025-09-10T06:44:11Z
n3xUyao13Wo,Discussie loopt LIVE op TV uit de hand | Klikbeet,Klikbeet,2025-09-03T10:01:25Z
gwfmQaImw1E,Can you catch the flyü™∞ #fyp„Ç∑ #music #gameplay #funny,Tradwife,2025-09-10T05:38:18Z
YpL5KfYsJEU,The anti-feminist women are privileged women. #feminism #womenempowerment #thewizardliz,The Feminine Force,2025-09-08T05:33:18Z
1pYuPxflFuE,Nick Fuentes: Matt Walsh &amp; Trad Cons Are WRONG About Young Men in 2025,Iron Dissent,2025-09-04T00:06:14Z
TAfV2mkilQI,#12rabiulawal #12rabiulawalstatus #alquran #quran #quranictranslation #quranrecitation #fyp #foryou,Kashmir Village ,2025-09-07T01:26:06Z
PBXmEhKljmM,üôèüôè#gardening #ytshorts#shortsvideo,Anaya with mom,2025-09-10T05:11:01Z
AMHP95eynME,Our Wedding Night Ended In Labour - Winging It Ep 1,Dukebox Media,2025-09-08T18:30:15Z
vXQa7jW_QmY,How I Escaped MAGA! Critical thinking woke me up. ü¶ãü©µ,"Life, take two!",2025-09-01T01:23:08Z
wQpcN3xxWBg,‡Æé‡Æ¥‡ØÅ‡Æ®‡Øç‡Æ§‡ØÅ ‡Æì‡Æü‡ØÅ‡Æü‡Ææ ‡Æ§‡ÆÆ‡Øç‡Æ™‡Æø?! Elephant comedy #shorts #shortsfeed #elephantcomedy,IniyaLife,2025-09-07T12:23:02Z
5jFmAazcKD4,‡Æö‡Æ™‡Ææ‡Æ∑‡Øç! ‡Æö‡Æ∞‡Æø‡ÆØ‡Ææ‡Æ© ‡Æ™‡Øã‡Æü‡Øç‡Æü‡Æø! Elephant comedy #shorts #shortsfeed #elephantcomedy,IniyaLife,2025-09-08T04:54:28Z
cyyv0YWD8jE,#quran #alquran #quranictranslation #quranrecitation #qurantilawat #foryou #fyp #viralshorts #flood,Kashmir Village ,2025-09-07T11:35:47Z
r87eEf9iJzs,‡ÆÖ‡Æ£‡Øç‡Æ£‡Æ©‡Øã‡Æü ‡Æí‡Æ∞‡ØÅ ‡Æö‡ØÜ‡Æ≤‡Øç‡ÆÉ‡Æ™‡Æø! Elephant comedy #shorts #shortsfeed #elephantcomedy,IniyaLife,2025-09-06T10:06:41Z
aDLI326xxqE,‡Æ™‡Øà‡Æ∞‡Æµ‡Ææ! ‡Æ®‡ØÄ ‡Æö‡ØÜ‡ÆØ‡Øç‡Æ±‡Æ§‡ØÅ ‡Æö‡Æ∞‡Æø‡ÆØ‡Ææ! Elephant comedy #shorts #shortsfeed #elephantcomedy,IniyaLife,2025-09-09T03:14:14Z
FYLLCjleC7w,"My Wife Spent Years Climbing The Career Ladder, Then Fell Down | Reddit Updates",Ether Stories,2025-09-08T22:00:16Z
_rIU7aQInrc,‡Æµ‡Øà‡Æï‡Øç‡Æï‡Æ™‡Øç‡Æ™‡Æø‡Æ∞‡Æø ‡Æ§‡Æ≤‡Øà‡ÆØ‡Æ©‡Øç ‡Æ™‡Æ£‡Øç‡Æ± ‡Æµ‡Øá‡Æ≤‡Øà‡ÆØ ‡Æ™‡Ææ‡Æ∞‡ØÅ‡Æô‡Øç‡Æï! Elephant comedy #shorts #shortsfeed #elephantcomedy,IniyaLife,2025-09-10T04:58:26Z
33xUTwOuOhk,My 3ft 7&quot; Girlfriend Is Not A &#39;Child&#39; | LOVE DON&#39;T JUDGE,Love Don't Judge,2025-09-03T14:00:06Z
PZTaZ3Pg7Mw,#alquran #quran #quranictranslation #quranrecitation #qurantilawat #fyp #foryou #shorts #viralshorts,Kashmir Village ,2025-09-01T14:40:31Z
HQn5fLRDGOU,"Brett Keane Radio Live - Transgender Love, Islamophobia, Trad Wife, Atheist Stats, Gun Control",Brett Keane Music | GodTvRadio Talk Show,2025-08-23T02:15:55Z
1L2ck-DyWQg,Day 1/90‚úÖ CTET journey with meüéØ#shorts #housewife#ytshorts #trending #viral#study #day1vlog,housewife in progress ,2025-09-07T09:30:00Z
ntuA3xM1SR4,The Tradwife Aesthetic Is Back‚Ä¶ But Should You Buy It?,For the Plot,2025-09-07T12:30:06Z
Y-tY1qgKSno,Comment for link üîó #fyp„Ç∑ #girls #belt #waist #buy,Tradwife,2025-09-10T06:12:36Z
uMmlx8bHbCo,Lesbian Tradwife,Helayne,2024-02-26T03:59:36Z
n20zgQq933E,Clearing up Tradwife Myths #tradwife #traditionalmarriage,Estee Williams,2024-01-18T18:41:02Z
xqiISBEnOVs,Junge Hausfrauen holen 60er-Jahre zur√ºck: Expertin kritisiert &quot;Tradwife&quot;-Trend,t-online,2023-12-30T15:12:48Z
3VntmM17lDg,Check out the Bonded app! #tradwife #knk #sub #traditional #marriage,Sex with Catalina,2025-08-20T22:04:13Z
wLJV69jG4tU,El S√∫per Like Que Cambi√≥ Todo #shorts,PodcastClips,2025-09-09T13:02:00Z
y1__i5275zA,Mi Amor por Pablo #shorts,PodcastClips,2025-09-08T13:01:49Z
zoGulAr1s0w,Trad Wife Style at Work in High Heels #highheels #stilettos #tradwife #white,HeelsBee,2025-08-23T20:44:39Z
ZcWeM5yrPog,morning routine tradwife x bop #morningroutine #tradwife #comedy  #reels #shorts,Anya Matuesvich,2025-09-02T11:18:12Z
kMndCdvjFYE,Watch me help my mom in the #kitchen #tradwife,Emma Clarke,2025-07-13T08:00:22Z
nHTZoqf7cd8,Daily life of a tradwife,Anya Lacey,2025-08-23T21:00:47Z
__5VOXf284I,Sissy Tradwife Training: M2F Affirmations,Emma Loves a Dress,2025-09-08T12:24:08Z
ta-VrPbJctY,"&quot;Every day, I define myself. I know who I am today. I don&#39;t promise you anything for tomorrow&quot; #mums",Lydia Mai,2025-09-05T00:17:25Z
g6TW4P01Zu8,"Domestic Discipline: 18 Year Old New Submissive Wife Spanked, How To PROPERLY Train Her &amp; Check Her",VibinWithRunn,2025-09-07T18:00:44Z
I_28DGij6p0,Good girl #goodgirl #tradwife #funny #joke #goodgirls #chicago,Red and Becca Shorts,2025-09-07T15:06:17Z
CYTDdL2--tg,She BETRAYED Brian?! Gen Z California College Girls! She Says Men Are GROSS?! | Dating Talk #257,whatever,2025-08-25T06:48:48Z
B7TejfSJUpo,Trad Wives are Ruining DS Final Video,Kitera O'Frey | Astarion's Girlfriend,2025-09-07T15:00:31Z
M3ikFrBvWts,"My Mom Talked to Me About Sex, And It Made Me Rebel ft. @blairimani",Lovers by Shan,2025-09-03T17:00:06Z
LG_ZuKItThw,part 2 morning routine tradwife x bop #anyamatusevich,Anya Matusevich,2025-09-09T04:41:08Z
